ticker,trends_score,trading_signal,confidence,current_price,rsi,macd,macd_signal,trend_strength,momentum_20d,momentum_50d,volume_ratio,volatility,position_52w,bb_position,week_52_high,week_52_low,current_ma_20,current_ma_50,current_ma_200,individual_scores,data_quality,success
LIN,57.1,HOLD,LOW,472.8900146484375,55.39925044113726,1.4378998419662707,1.1012691075613121,0.5113088845766027,1.8150160075035688,5.265095744020321,0.7539084002226707,0.18509285561185654,87.51420366153985,68.37494607889904,481.8299865722656,410.2288513183594,469.2279998779297,465.4650811767578,452.94405059814454,"{'price_trend_score': 65, 'moving_average_signal_score': 65, 'trend_strength_score': 60, 'rsi_signal_score': 50, 'macd_signal_score': 60, 'momentum_score_score': 60, 'volume_trend_score': 35, 'volume_price_trend_score': 50, 'volatility_signal_score': 60, 'bollinger_position_score': 50}",250,True
EXR,56.2,HOLD,LOW,150.86000061035156,56.3475817946763,0.6204925977929463,0.4942279911288863,0.5993700733219864,3.5770730739405434,3.7352191838515396,0.7912431016145303,0.24685402919728117,49.221452057320356,69.83552276839,177.2915496826172,125.23896026611328,149.4630012512207,148.41979583740235,150.2586739730835,"{'price_trend_score': 62, 'moving_average_signal_score': 62, 'trend_strength_score': 60, 'rsi_signal_score': 50, 'macd_signal_score': 60, 'momentum_score_score': 60, 'volume_trend_score': 35, 'volume_price_trend_score': 50, 'volatility_signal_score': 60, 'bollinger_position_score': 50}",250,True
MSFT,47.2,HOLD,LOW,100.0,50.0,0.0,0.0,0.0,0.0,0.0,1.0,0.25,50.0,50.0,120.0,80.0,100.0,100.0,100.0,"{'price_trend_score': 50, 'moving_average_signal_score': 50, 'trend_strength_score': 40, 'rsi_signal_score': 50, 'macd_signal_score': 40, 'momentum_score_score': 40, 'volume_trend_score': 50, 'volume_price_trend_score': 50, 'volatility_signal_score': 60, 'bollinger_position_score': 50}",0,False
NIO,47.2,HOLD,LOW,100.0,50.0,0.0,0.0,0.0,0.0,0.0,1.0,0.25,50.0,50.0,120.0,80.0,100.0,100.0,100.0,"{'price_trend_score': 50, 'moving_average_signal_score': 50, 'trend_strength_score': 40, 'rsi_signal_score': 50, 'macd_signal_score': 40, 'momentum_score_score': 40, 'volume_trend_score': 50, 'volume_price_trend_score': 50, 'volatility_signal_score': 60, 'bollinger_position_score': 50}",0,False
CGC,47.2,HOLD,LOW,100.0,50.0,0.0,0.0,0.0,0.0,0.0,1.0,0.25,50.0,50.0,120.0,80.0,100.0,100.0,100.0,"{'price_trend_score': 50, 'moving_average_signal_score': 50, 'trend_strength_score': 40, 'rsi_signal_score': 50, 'macd_signal_score': 40, 'momentum_score_score': 40, 'volume_trend_score': 50, 'volume_price_trend_score': 50, 'volatility_signal_score': 60, 'bollinger_position_score': 50}",0,False
XEL,47.2,HOLD,LOW,100.0,50.0,0.0,0.0,0.0,0.0,0.0,1.0,0.25,50.0,50.0,120.0,80.0,100.0,100.0,100.0,"{'price_trend_score': 50, 'moving_average_signal_score': 50, 'trend_strength_score': 40, 'rsi_signal_score': 50, 'macd_signal_score': 40, 'momentum_score_score': 40, 'volume_trend_score': 50, 'volume_price_trend_score': 50, 'volatility_signal_score': 60, 'bollinger_position_score': 50}",0,False
FLWS,47.2,HOLD,LOW,100.0,50.0,0.0,0.0,0.0,0.0,0.0,1.0,0.25,50.0,50.0,120.0,80.0,100.0,100.0,100.0,"{'price_trend_score': 50, 'moving_average_signal_score': 50, 'trend_strength_score': 40, 'rsi_signal_score': 50, 'macd_signal_score': 40, 'momentum_score_score': 40, 'volume_trend_score': 50, 'volume_price_trend_score': 50, 'volatility_signal_score': 60, 'bollinger_position_score': 50}",0,False
CRUS,47.2,HOLD,LOW,100.0,50.0,0.0,0.0,0.0,0.0,0.0,1.0,0.25,50.0,50.0,120.0,80.0,100.0,100.0,100.0,"{'price_trend_score': 50, 'moving_average_signal_score': 50, 'trend_strength_score': 40, 'rsi_signal_score': 50, 'macd_signal_score': 40, 'momentum_score_score': 40, 'volume_trend_score': 50, 'volume_price_trend_score': 50, 'volatility_signal_score': 60, 'bollinger_position_score': 50}",0,False
CELG,47.2,HOLD,LOW,100.0,50.0,0.0,0.0,0.0,0.0,0.0,1.0,0.25,50.0,50.0,120.0,80.0,100.0,100.0,100.0,"{'price_trend_score': 50, 'moving_average_signal_score': 50, 'trend_strength_score': 40, 'rsi_signal_score': 50, 'macd_signal_score': 40, 'momentum_score_score': 40, 'volume_trend_score': 50, 'volume_price_trend_score': 50, 'volatility_signal_score': 60, 'bollinger_position_score': 50}",0,False
CVS,47.2,HOLD,LOW,100.0,50.0,0.0,0.0,0.0,0.0,0.0,1.0,0.25,50.0,50.0,120.0,80.0,100.0,100.0,100.0,"{'price_trend_score': 50, 'moving_average_signal_score': 50, 'trend_strength_score': 40, 'rsi_signal_score': 50, 'macd_signal_score': 40, 'momentum_score_score': 40, 'volume_trend_score': 50, 'volume_price_trend_score': 50, 'volatility_signal_score': 60, 'bollinger_position_score': 50}",0,False
BKNG,47.2,HOLD,LOW,100.0,50.0,0.0,0.0,0.0,0.0,0.0,1.0,0.25,50.0,50.0,120.0,80.0,100.0,100.0,100.0,"{'price_trend_score': 50, 'moving_average_signal_score': 50, 'trend_strength_score': 40, 'rsi_signal_score': 50, 'macd_signal_score': 40, 'momentum_score_score': 40, 'volume_trend_score': 50, 'volume_price_trend_score': 50, 'volatility_signal_score': 60, 'bollinger_position_score': 50}",0,False
EXC,47.2,HOLD,LOW,100.0,50.0,0.0,0.0,0.0,0.0,0.0,1.0,0.25,50.0,50.0,120.0,80.0,100.0,100.0,100.0,"{'price_trend_score': 50, 'moving_average_signal_score': 50, 'trend_strength_score': 40, 'rsi_signal_score': 50, 'macd_signal_score': 40, 'momentum_score_score': 40, 'volume_trend_score': 50, 'volume_price_trend_score': 50, 'volatility_signal_score': 60, 'bollinger_position_score': 50}",0,False
PSA,47.2,HOLD,LOW,100.0,50.0,0.0,0.0,0.0,0.0,0.0,1.0,0.25,50.0,50.0,120.0,80.0,100.0,100.0,100.0,"{'price_trend_score': 50, 'moving_average_signal_score': 50, 'trend_strength_score': 40, 'rsi_signal_score': 50, 'macd_signal_score': 40, 'momentum_score_score': 40, 'volume_trend_score': 50, 'volume_price_trend_score': 50, 'volatility_signal_score': 60, 'bollinger_position_score': 50}",0,False
EXPEDIA,47.2,HOLD,LOW,100.0,50.0,0.0,0.0,0.0,0.0,0.0,1.0,0.25,50.0,50.0,120.0,80.0,100.0,100.0,100.0,"{'price_trend_score': 50, 'moving_average_signal_score': 50, 'trend_strength_score': 40, 'rsi_signal_score': 50, 'macd_signal_score': 40, 'momentum_score_score': 40, 'volume_trend_score': 50, 'volume_price_trend_score': 50, 'volatility_signal_score': 60, 'bollinger_position_score': 50}",0,False
TXN,47.2,HOLD,LOW,100.0,50.0,0.0,0.0,0.0,0.0,0.0,1.0,0.25,50.0,50.0,120.0,80.0,100.0,100.0,100.0,"{'price_trend_score': 50, 'moving_average_signal_score': 50, 'trend_strength_score': 40, 'rsi_signal_score': 50, 'macd_signal_score': 40, 'momentum_score_score': 40, 'volume_trend_score': 50, 'volume_price_trend_score': 50, 'volatility_signal_score': 60, 'bollinger_position_score': 50}",0,False
MOH,47.2,HOLD,LOW,100.0,50.0,0.0,0.0,0.0,0.0,0.0,1.0,0.25,50.0,50.0,120.0,80.0,100.0,100.0,100.0,"{'price_trend_score': 50, 'moving_average_signal_score': 50, 'trend_strength_score': 40, 'rsi_signal_score': 50, 'macd_signal_score': 40, 'momentum_score_score': 40, 'volume_trend_score': 50, 'volume_price_trend_score': 50, 'volatility_signal_score': 60, 'bollinger_position_score': 50}",0,False
NOW,47.2,HOLD,LOW,100.0,50.0,0.0,0.0,0.0,0.0,0.0,1.0,0.25,50.0,50.0,120.0,80.0,100.0,100.0,100.0,"{'price_trend_score': 50, 'moving_average_signal_score': 50, 'trend_strength_score': 40, 'rsi_signal_score': 50, 'macd_signal_score': 40, 'momentum_score_score': 40, 'volume_trend_score': 50, 'volume_price_trend_score': 50, 'volatility_signal_score': 60, 'bollinger_position_score': 50}",0,False
DDOG,47.2,HOLD,LOW,100.0,50.0,0.0,0.0,0.0,0.0,0.0,1.0,0.25,50.0,50.0,120.0,80.0,100.0,100.0,100.0,"{'price_trend_score': 50, 'moving_average_signal_score': 50, 'trend_strength_score': 40, 'rsi_signal_score': 50, 'macd_signal_score': 40, 'momentum_score_score': 40, 'volume_trend_score': 50, 'volume_price_trend_score': 50, 'volatility_signal_score': 60, 'bollinger_position_score': 50}",0,False
MSFT,47.2,HOLD,LOW,100.0,50.0,0.0,0.0,0.0,0.0,0.0,1.0,0.25,50.0,50.0,120.0,80.0,100.0,100.0,100.0,"{'price_trend_score': 50, 'moving_average_signal_score': 50, 'trend_strength_score': 40, 'rsi_signal_score': 50, 'macd_signal_score': 40, 'momentum_score_score': 40, 'volume_trend_score': 50, 'volume_price_trend_score': 50, 'volatility_signal_score': 60, 'bollinger_position_score': 50}",0,False
NAKD,47.2,HOLD,LOW,100.0,50.0,0.0,0.0,0.0,0.0,0.0,1.0,0.25,50.0,50.0,120.0,80.0,100.0,100.0,100.0,"{'price_trend_score': 50, 'moving_average_signal_score': 50, 'trend_strength_score': 40, 'rsi_signal_score': 50, 'macd_signal_score': 40, 'momentum_score_score': 40, 'volume_trend_score': 50, 'volume_price_trend_score': 50, 'volatility_signal_score': 60, 'bollinger_position_score': 50}",0,False
KLAC,47.2,HOLD,LOW,100.0,50.0,0.0,0.0,0.0,0.0,0.0,1.0,0.25,50.0,50.0,120.0,80.0,100.0,100.0,100.0,"{'price_trend_score': 50, 'moving_average_signal_score': 50, 'trend_strength_score': 40, 'rsi_signal_score': 50, 'macd_signal_score': 40, 'momentum_score_score': 40, 'volume_trend_score': 50, 'volume_price_trend_score': 50, 'volatility_signal_score': 60, 'bollinger_position_score': 50}",0,False
BLUE,47.2,HOLD,LOW,100.0,50.0,0.0,0.0,0.0,0.0,0.0,1.0,0.25,50.0,50.0,120.0,80.0,100.0,100.0,100.0,"{'price_trend_score': 50, 'moving_average_signal_score': 50, 'trend_strength_score': 40, 'rsi_signal_score': 50, 'macd_signal_score': 40, 'momentum_score_score': 40, 'volume_trend_score': 50, 'volume_price_trend_score': 50, 'volatility_signal_score': 60, 'bollinger_position_score': 50}",0,False
HUT,47.2,HOLD,LOW,100.0,50.0,0.0,0.0,0.0,0.0,0.0,1.0,0.25,50.0,50.0,120.0,80.0,100.0,100.0,100.0,"{'price_trend_score': 50, 'moving_average_signal_score': 50, 'trend_strength_score': 40, 'rsi_signal_score': 50, 'macd_signal_score': 40, 'momentum_score_score': 40, 'volume_trend_score': 50, 'volume_price_trend_score': 50, 'volatility_signal_score': 60, 'bollinger_position_score': 50}",0,False
UNH,47.2,HOLD,LOW,100.0,50.0,0.0,0.0,0.0,0.0,0.0,1.0,0.25,50.0,50.0,120.0,80.0,100.0,100.0,100.0,"{'price_trend_score': 50, 'moving_average_signal_score': 50, 'trend_strength_score': 40, 'rsi_signal_score': 50, 'macd_signal_score': 40, 'momentum_score_score': 40, 'volume_trend_score': 50, 'volume_price_trend_score': 50, 'volatility_signal_score': 60, 'bollinger_position_score': 50}",0,False
CHPT,47.2,HOLD,LOW,100.0,50.0,0.0,0.0,0.0,0.0,0.0,1.0,0.25,50.0,50.0,120.0,80.0,100.0,100.0,100.0,"{'price_trend_score': 50, 'moving_average_signal_score': 50, 'trend_strength_score': 40, 'rsi_signal_score': 50, 'macd_signal_score': 40, 'momentum_score_score': 40, 'volume_trend_score': 50, 'volume_price_trend_score': 50, 'volatility_signal_score': 60, 'bollinger_position_score': 50}",0,False
RIOT,47.2,HOLD,LOW,100.0,50.0,0.0,0.0,0.0,0.0,0.0,1.0,0.25,50.0,50.0,120.0,80.0,100.0,100.0,100.0,"{'price_trend_score': 50, 'moving_average_signal_score': 50, 'trend_strength_score': 40, 'rsi_signal_score': 50, 'macd_signal_score': 40, 'momentum_score_score': 40, 'volume_trend_score': 50, 'volume_price_trend_score': 50, 'volatility_signal_score': 60, 'bollinger_position_score': 50}",0,False
TZOO,47.2,HOLD,LOW,100.0,50.0,0.0,0.0,0.0,0.0,0.0,1.0,0.25,50.0,50.0,120.0,80.0,100.0,100.0,100.0,"{'price_trend_score': 50, 'moving_average_signal_score': 50, 'trend_strength_score': 40, 'rsi_signal_score': 50, 'macd_signal_score': 40, 'momentum_score_score': 40, 'volume_trend_score': 50, 'volume_price_trend_score': 50, 'volatility_signal_score': 60, 'bollinger_position_score': 50}",0,False
IIPR,47.2,HOLD,LOW,100.0,50.0,0.0,0.0,0.0,0.0,0.0,1.0,0.25,50.0,50.0,120.0,80.0,100.0,100.0,100.0,"{'price_trend_score': 50, 'moving_average_signal_score': 50, 'trend_strength_score': 40, 'rsi_signal_score': 50, 'macd_signal_score': 40, 'momentum_score_score': 40, 'volume_trend_score': 50, 'volume_price_trend_score': 50, 'volatility_signal_score': 60, 'bollinger_position_score': 50}",0,False
ROKU,47.2,HOLD,LOW,100.0,50.0,0.0,0.0,0.0,0.0,0.0,1.0,0.25,50.0,50.0,120.0,80.0,100.0,100.0,100.0,"{'price_trend_score': 50, 'moving_average_signal_score': 50, 'trend_strength_score': 40, 'rsi_signal_score': 50, 'macd_signal_score': 40, 'momentum_score_score': 40, 'volume_trend_score': 50, 'volume_price_trend_score': 50, 'volatility_signal_score': 60, 'bollinger_position_score': 50}",0,False
HD,47.2,HOLD,LOW,100.0,50.0,0.0,0.0,0.0,0.0,0.0,1.0,0.25,50.0,50.0,120.0,80.0,100.0,100.0,100.0,"{'price_trend_score': 50, 'moving_average_signal_score': 50, 'trend_strength_score': 40, 'rsi_signal_score': 50, 'macd_signal_score': 40, 'momentum_score_score': 40, 'volume_trend_score': 50, 'volume_price_trend_score': 50, 'volatility_signal_score': 60, 'bollinger_position_score': 50}",0,False
ZI,47.2,HOLD,LOW,100.0,50.0,0.0,0.0,0.0,0.0,0.0,1.0,0.25,50.0,50.0,120.0,80.0,100.0,100.0,100.0,"{'price_trend_score': 50, 'moving_average_signal_score': 50, 'trend_strength_score': 40, 'rsi_signal_score': 50, 'macd_signal_score': 40, 'momentum_score_score': 40, 'volume_trend_score': 50, 'volume_price_trend_score': 50, 'volatility_signal_score': 60, 'bollinger_position_score': 50}",0,False
DASH,47.2,HOLD,LOW,100.0,50.0,0.0,0.0,0.0,0.0,0.0,1.0,0.25,50.0,50.0,120.0,80.0,100.0,100.0,100.0,"{'price_trend_score': 50, 'moving_average_signal_score': 50, 'trend_strength_score': 40, 'rsi_signal_score': 50, 'macd_signal_score': 40, 'momentum_score_score': 40, 'volume_trend_score': 50, 'volume_price_trend_score': 50, 'volatility_signal_score': 60, 'bollinger_position_score': 50}",0,False
ARKF,47.2,HOLD,LOW,100.0,50.0,0.0,0.0,0.0,0.0,0.0,1.0,0.25,50.0,50.0,120.0,80.0,100.0,100.0,100.0,"{'price_trend_score': 50, 'moving_average_signal_score': 50, 'trend_strength_score': 40, 'rsi_signal_score': 50, 'macd_signal_score': 40, 'momentum_score_score': 40, 'volume_trend_score': 50, 'volume_price_trend_score': 50, 'volatility_signal_score': 60, 'bollinger_position_score': 50}",0,False
BB,47.2,HOLD,LOW,100.0,50.0,0.0,0.0,0.0,0.0,0.0,1.0,0.25,50.0,50.0,120.0,80.0,100.0,100.0,100.0,"{'price_trend_score': 50, 'moving_average_signal_score': 50, 'trend_strength_score': 40, 'rsi_signal_score': 50, 'macd_signal_score': 40, 'momentum_score_score': 40, 'volume_trend_score': 50, 'volume_price_trend_score': 50, 'volatility_signal_score': 60, 'bollinger_position_score': 50}",0,False
WDAY,47.2,HOLD,LOW,100.0,50.0,0.0,0.0,0.0,0.0,0.0,1.0,0.25,50.0,50.0,120.0,80.0,100.0,100.0,100.0,"{'price_trend_score': 50, 'moving_average_signal_score': 50, 'trend_strength_score': 40, 'rsi_signal_score': 50, 'macd_signal_score': 40, 'momentum_score_score': 40, 'volume_trend_score': 50, 'volume_price_trend_score': 50, 'volatility_signal_score': 60, 'bollinger_position_score': 50}",0,False
HUM,47.2,HOLD,LOW,100.0,50.0,0.0,0.0,0.0,0.0,0.0,1.0,0.25,50.0,50.0,120.0,80.0,100.0,100.0,100.0,"{'price_trend_score': 50, 'moving_average_signal_score': 50, 'trend_strength_score': 40, 'rsi_signal_score': 50, 'macd_signal_score': 40, 'momentum_score_score': 40, 'volume_trend_score': 50, 'volume_price_trend_score': 50, 'volatility_signal_score': 60, 'bollinger_position_score': 50}",0,False
WEC,47.2,HOLD,LOW,100.0,50.0,0.0,0.0,0.0,0.0,0.0,1.0,0.25,50.0,50.0,120.0,80.0,100.0,100.0,100.0,"{'price_trend_score': 50, 'moving_average_signal_score': 50, 'trend_strength_score': 40, 'rsi_signal_score': 50, 'macd_signal_score': 40, 'momentum_score_score': 40, 'volume_trend_score': 50, 'volume_price_trend_score': 50, 'volatility_signal_score': 60, 'bollinger_position_score': 50}",0,False
RARE,47.2,HOLD,LOW,100.0,50.0,0.0,0.0,0.0,0.0,0.0,1.0,0.25,50.0,50.0,120.0,80.0,100.0,100.0,100.0,"{'price_trend_score': 50, 'moving_average_signal_score': 50, 'trend_strength_score': 40, 'rsi_signal_score': 50, 'macd_signal_score': 40, 'momentum_score_score': 40, 'volume_trend_score': 50, 'volume_price_trend_score': 50, 'volatility_signal_score': 60, 'bollinger_position_score': 50}",0,False
AMC,47.2,HOLD,LOW,100.0,50.0,0.0,0.0,0.0,0.0,0.0,1.0,0.25,50.0,50.0,120.0,80.0,100.0,100.0,100.0,"{'price_trend_score': 50, 'moving_average_signal_score': 50, 'trend_strength_score': 40, 'rsi_signal_score': 50, 'macd_signal_score': 40, 'momentum_score_score': 40, 'volume_trend_score': 50, 'volume_price_trend_score': 50, 'volatility_signal_score': 60, 'bollinger_position_score': 50}",0,False
MSTR,47.2,HOLD,LOW,100.0,50.0,0.0,0.0,0.0,0.0,0.0,1.0,0.25,50.0,50.0,120.0,80.0,100.0,100.0,100.0,"{'price_trend_score': 50, 'moving_average_signal_score': 50, 'trend_strength_score': 40, 'rsi_signal_score': 50, 'macd_signal_score': 40, 'momentum_score_score': 40, 'volume_trend_score': 50, 'volume_price_trend_score': 50, 'volatility_signal_score': 60, 'bollinger_position_score': 50}",0,False
INTC,47.2,HOLD,LOW,100.0,50.0,0.0,0.0,0.0,0.0,0.0,1.0,0.25,50.0,50.0,120.0,80.0,100.0,100.0,100.0,"{'price_trend_score': 50, 'moving_average_signal_score': 50, 'trend_strength_score': 40, 'rsi_signal_score': 50, 'macd_signal_score': 40, 'momentum_score_score': 40, 'volume_trend_score': 50, 'volume_price_trend_score': 50, 'volatility_signal_score': 60, 'bollinger_position_score': 50}",0,False
MCHP,47.2,HOLD,LOW,100.0,50.0,0.0,0.0,0.0,0.0,0.0,1.0,0.25,50.0,50.0,120.0,80.0,100.0,100.0,100.0,"{'price_trend_score': 50, 'moving_average_signal_score': 50, 'trend_strength_score': 40, 'rsi_signal_score': 50, 'macd_signal_score': 40, 'momentum_score_score': 40, 'volume_trend_score': 50, 'volume_price_trend_score': 50, 'volatility_signal_score': 60, 'bollinger_position_score': 50}",0,False
COIN,47.2,HOLD,LOW,100.0,50.0,0.0,0.0,0.0,0.0,0.0,1.0,0.25,50.0,50.0,120.0,80.0,100.0,100.0,100.0,"{'price_trend_score': 50, 'moving_average_signal_score': 50, 'trend_strength_score': 40, 'rsi_signal_score': 50, 'macd_signal_score': 40, 'momentum_score_score': 40, 'volume_trend_score': 50, 'volume_price_trend_score': 50, 'volatility_signal_score': 60, 'bollinger_position_score': 50}",0,False
ARKW,47.2,HOLD,LOW,100.0,50.0,0.0,0.0,0.0,0.0,0.0,1.0,0.25,50.0,50.0,120.0,80.0,100.0,100.0,100.0,"{'price_trend_score': 50, 'moving_average_signal_score': 50, 'trend_strength_score': 40, 'rsi_signal_score': 50, 'macd_signal_score': 40, 'momentum_score_score': 40, 'volume_trend_score': 50, 'volume_price_trend_score': 50, 'volatility_signal_score': 60, 'bollinger_position_score': 50}",0,False
EXPR,47.2,HOLD,LOW,100.0,50.0,0.0,0.0,0.0,0.0,0.0,1.0,0.25,50.0,50.0,120.0,80.0,100.0,100.0,100.0,"{'price_trend_score': 50, 'moving_average_signal_score': 50, 'trend_strength_score': 40, 'rsi_signal_score': 50, 'macd_signal_score': 40, 'momentum_score_score': 40, 'volume_trend_score': 50, 'volume_price_trend_score': 50, 'volatility_signal_score': 60, 'bollinger_position_score': 50}",0,False
CRWD,47.2,HOLD,LOW,100.0,50.0,0.0,0.0,0.0,0.0,0.0,1.0,0.25,50.0,50.0,120.0,80.0,100.0,100.0,100.0,"{'price_trend_score': 50, 'moving_average_signal_score': 50, 'trend_strength_score': 40, 'rsi_signal_score': 50, 'macd_signal_score': 40, 'momentum_score_score': 40, 'volume_trend_score': 50, 'volume_price_trend_score': 50, 'volatility_signal_score': 60, 'bollinger_position_score': 50}",0,False
W,47.2,HOLD,LOW,100.0,50.0,0.0,0.0,0.0,0.0,0.0,1.0,0.25,50.0,50.0,120.0,80.0,100.0,100.0,100.0,"{'price_trend_score': 50, 'moving_average_signal_score': 50, 'trend_strength_score': 40, 'rsi_signal_score': 50, 'macd_signal_score': 40, 'momentum_score_score': 40, 'volume_trend_score': 50, 'volume_price_trend_score': 50, 'volatility_signal_score': 60, 'bollinger_position_score': 50}",0,False
SPLK,47.2,HOLD,LOW,100.0,50.0,0.0,0.0,0.0,0.0,0.0,1.0,0.25,50.0,50.0,120.0,80.0,100.0,100.0,100.0,"{'price_trend_score': 50, 'moving_average_signal_score': 50, 'trend_strength_score': 40, 'rsi_signal_score': 50, 'macd_signal_score': 40, 'momentum_score_score': 40, 'volume_trend_score': 50, 'volume_price_trend_score': 50, 'volatility_signal_score': 60, 'bollinger_position_score': 50}",0,False
QCOM,47.2,HOLD,LOW,100.0,50.0,0.0,0.0,0.0,0.0,0.0,1.0,0.25,50.0,50.0,120.0,80.0,100.0,100.0,100.0,"{'price_trend_score': 50, 'moving_average_signal_score': 50, 'trend_strength_score': 40, 'rsi_signal_score': 50, 'macd_signal_score': 40, 'momentum_score_score': 40, 'volume_trend_score': 50, 'volume_price_trend_score': 50, 'volatility_signal_score': 60, 'bollinger_position_score': 50}",0,False
AEP,47.2,HOLD,LOW,100.0,50.0,0.0,0.0,0.0,0.0,0.0,1.0,0.25,50.0,50.0,120.0,80.0,100.0,100.0,100.0,"{'price_trend_score': 50, 'moving_average_signal_score': 50, 'trend_strength_score': 40, 'rsi_signal_score': 50, 'macd_signal_score': 40, 'momentum_score_score': 40, 'volume_trend_score': 50, 'volume_price_trend_score': 50, 'volatility_signal_score': 60, 'bollinger_position_score': 50}",0,False
O,47.2,HOLD,LOW,100.0,50.0,0.0,0.0,0.0,0.0,0.0,1.0,0.25,50.0,50.0,120.0,80.0,100.0,100.0,100.0,"{'price_trend_score': 50, 'moving_average_signal_score': 50, 'trend_strength_score': 40, 'rsi_signal_score': 50, 'macd_signal_score': 40, 'momentum_score_score': 40, 'volume_trend_score': 50, 'volume_price_trend_score': 50, 'volatility_signal_score': 60, 'bollinger_position_score': 50}",0,False
SAFE,47.2,HOLD,LOW,100.0,50.0,0.0,0.0,0.0,0.0,0.0,1.0,0.25,50.0,50.0,120.0,80.0,100.0,100.0,100.0,"{'price_trend_score': 50, 'moving_average_signal_score': 50, 'trend_strength_score': 40, 'rsi_signal_score': 50, 'macd_signal_score': 40, 'momentum_score_score': 40, 'volume_trend_score': 50, 'volume_price_trend_score': 50, 'volatility_signal_score': 60, 'bollinger_position_score': 50}",0,False
SHOP,47.2,HOLD,LOW,100.0,50.0,0.0,0.0,0.0,0.0,0.0,1.0,0.25,50.0,50.0,120.0,80.0,100.0,100.0,100.0,"{'price_trend_score': 50, 'moving_average_signal_score': 50, 'trend_strength_score': 40, 'rsi_signal_score': 50, 'macd_signal_score': 40, 'momentum_score_score': 40, 'volume_trend_score': 50, 'volume_price_trend_score': 50, 'volatility_signal_score': 60, 'bollinger_position_score': 50}",0,False
CI,47.2,HOLD,LOW,100.0,50.0,0.0,0.0,0.0,0.0,0.0,1.0,0.25,50.0,50.0,120.0,80.0,100.0,100.0,100.0,"{'price_trend_score': 50, 'moving_average_signal_score': 50, 'trend_strength_score': 40, 'rsi_signal_score': 50, 'macd_signal_score': 40, 'momentum_score_score': 40, 'volume_trend_score': 50, 'volume_price_trend_score': 50, 'volatility_signal_score': 60, 'bollinger_position_score': 50}",0,False
AMD,47.2,HOLD,LOW,100.0,50.0,0.0,0.0,0.0,0.0,0.0,1.0,0.25,50.0,50.0,120.0,80.0,100.0,100.0,100.0,"{'price_trend_score': 50, 'moving_average_signal_score': 50, 'trend_strength_score': 40, 'rsi_signal_score': 50, 'macd_signal_score': 40, 'momentum_score_score': 40, 'volume_trend_score': 50, 'volume_price_trend_score': 50, 'volatility_signal_score': 60, 'bollinger_position_score': 50}",0,False
ARKQ,47.2,HOLD,LOW,100.0,50.0,0.0,0.0,0.0,0.0,0.0,1.0,0.25,50.0,50.0,120.0,80.0,100.0,100.0,100.0,"{'price_trend_score': 50, 'moving_average_signal_score': 50, 'trend_strength_score': 40, 'rsi_signal_score': 50, 'macd_signal_score': 40, 'momentum_score_score': 40, 'volume_trend_score': 50, 'volume_price_trend_score': 50, 'volatility_signal_score': 60, 'bollinger_position_score': 50}",0,False
OSTK,47.2,HOLD,LOW,100.0,50.0,0.0,0.0,0.0,0.0,0.0,1.0,0.25,50.0,50.0,120.0,80.0,100.0,100.0,100.0,"{'price_trend_score': 50, 'moving_average_signal_score': 50, 'trend_strength_score': 40, 'rsi_signal_score': 50, 'macd_signal_score': 40, 'momentum_score_score': 40, 'volume_trend_score': 50, 'volume_price_trend_score': 50, 'volatility_signal_score': 60, 'bollinger_position_score': 50}",0,False
AVGO,47.2,HOLD,LOW,100.0,50.0,0.0,0.0,0.0,0.0,0.0,1.0,0.25,50.0,50.0,120.0,80.0,100.0,100.0,100.0,"{'price_trend_score': 50, 'moving_average_signal_score': 50, 'trend_strength_score': 40, 'rsi_signal_score': 50, 'macd_signal_score': 40, 'momentum_score_score': 40, 'volume_trend_score': 50, 'volume_price_trend_score': 50, 'volatility_signal_score': 60, 'bollinger_position_score': 50}",0,False
NKE,47.2,HOLD,LOW,100.0,50.0,0.0,0.0,0.0,0.0,0.0,1.0,0.25,50.0,50.0,120.0,80.0,100.0,100.0,100.0,"{'price_trend_score': 50, 'moving_average_signal_score': 50, 'trend_strength_score': 40, 'rsi_signal_score': 50, 'macd_signal_score': 40, 'momentum_score_score': 40, 'volume_trend_score': 50, 'volume_price_trend_score': 50, 'volatility_signal_score': 60, 'bollinger_position_score': 50}",0,False
MMM,47.2,HOLD,LOW,100.0,50.0,0.0,0.0,0.0,0.0,0.0,1.0,0.25,50.0,50.0,120.0,80.0,100.0,100.0,100.0,"{'price_trend_score': 50, 'moving_average_signal_score': 50, 'trend_strength_score': 40, 'rsi_signal_score': 50, 'macd_signal_score': 40, 'momentum_score_score': 40, 'volume_trend_score': 50, 'volume_price_trend_score': 50, 'volatility_signal_score': 60, 'bollinger_position_score': 50}",0,False
TSLA,47.2,HOLD,LOW,100.0,50.0,0.0,0.0,0.0,0.0,0.0,1.0,0.25,50.0,50.0,120.0,80.0,100.0,100.0,100.0,"{'price_trend_score': 50, 'moving_average_signal_score': 50, 'trend_strength_score': 40, 'rsi_signal_score': 50, 'macd_signal_score': 40, 'momentum_score_score': 40, 'volume_trend_score': 50, 'volume_price_trend_score': 50, 'volatility_signal_score': 60, 'bollinger_position_score': 50}",0,False
BIIB,47.2,HOLD,LOW,100.0,50.0,0.0,0.0,0.0,0.0,0.0,1.0,0.25,50.0,50.0,120.0,80.0,100.0,100.0,100.0,"{'price_trend_score': 50, 'moving_average_signal_score': 50, 'trend_strength_score': 40, 'rsi_signal_score': 50, 'macd_signal_score': 40, 'momentum_score_score': 40, 'volume_trend_score': 50, 'volume_price_trend_score': 50, 'volatility_signal_score': 60, 'bollinger_position_score': 50}",0,False
SWKS,47.2,HOLD,LOW,100.0,50.0,0.0,0.0,0.0,0.0,0.0,1.0,0.25,50.0,50.0,120.0,80.0,100.0,100.0,100.0,"{'price_trend_score': 50, 'moving_average_signal_score': 50, 'trend_strength_score': 40, 'rsi_signal_score': 50, 'macd_signal_score': 40, 'momentum_score_score': 40, 'volume_trend_score': 50, 'volume_price_trend_score': 50, 'volatility_signal_score': 60, 'bollinger_position_score': 50}",0,False
INTU,47.2,HOLD,LOW,100.0,50.0,0.0,0.0,0.0,0.0,0.0,1.0,0.25,50.0,50.0,120.0,80.0,100.0,100.0,100.0,"{'price_trend_score': 50, 'moving_average_signal_score': 50, 'trend_strength_score': 40, 'rsi_signal_score': 50, 'macd_signal_score': 40, 'momentum_score_score': 40, 'volume_trend_score': 50, 'volume_price_trend_score': 50, 'volatility_signal_score': 60, 'bollinger_position_score': 50}",0,False
TGT,47.2,HOLD,LOW,100.0,50.0,0.0,0.0,0.0,0.0,0.0,1.0,0.25,50.0,50.0,120.0,80.0,100.0,100.0,100.0,"{'price_trend_score': 50, 'moving_average_signal_score': 50, 'trend_strength_score': 40, 'rsi_signal_score': 50, 'macd_signal_score': 40, 'momentum_score_score': 40, 'volume_trend_score': 50, 'volume_price_trend_score': 50, 'volatility_signal_score': 60, 'bollinger_position_score': 50}",0,False
WCG,47.2,HOLD,LOW,100.0,50.0,0.0,0.0,0.0,0.0,0.0,1.0,0.25,50.0,50.0,120.0,80.0,100.0,100.0,100.0,"{'price_trend_score': 50, 'moving_average_signal_score': 50, 'trend_strength_score': 40, 'rsi_signal_score': 50, 'macd_signal_score': 40, 'momentum_score_score': 40, 'volume_trend_score': 50, 'volume_price_trend_score': 50, 'volatility_signal_score': 60, 'bollinger_position_score': 50}",0,False
CHWY,47.2,HOLD,LOW,100.0,50.0,0.0,0.0,0.0,0.0,0.0,1.0,0.25,50.0,50.0,120.0,80.0,100.0,100.0,100.0,"{'price_trend_score': 50, 'moving_average_signal_score': 50, 'trend_strength_score': 40, 'rsi_signal_score': 50, 'macd_signal_score': 40, 'momentum_score_score': 40, 'volume_trend_score': 50, 'volume_price_trend_score': 50, 'volatility_signal_score': 60, 'bollinger_position_score': 50}",0,False
CVNA,47.2,HOLD,LOW,100.0,50.0,0.0,0.0,0.0,0.0,0.0,1.0,0.25,50.0,50.0,120.0,80.0,100.0,100.0,100.0,"{'price_trend_score': 50, 'moving_average_signal_score': 50, 'trend_strength_score': 40, 'rsi_signal_score': 50, 'macd_signal_score': 40, 'momentum_score_score': 40, 'volume_trend_score': 50, 'volume_price_trend_score': 50, 'volatility_signal_score': 60, 'bollinger_position_score': 50}",0,False
GME,47.2,HOLD,LOW,100.0,50.0,0.0,0.0,0.0,0.0,0.0,1.0,0.25,50.0,50.0,120.0,80.0,100.0,100.0,100.0,"{'price_trend_score': 50, 'moving_average_signal_score': 50, 'trend_strength_score': 40, 'rsi_signal_score': 50, 'macd_signal_score': 40, 'momentum_score_score': 40, 'volume_trend_score': 50, 'volume_price_trend_score': 50, 'volatility_signal_score': 60, 'bollinger_position_score': 50}",0,False
HOOD,47.2,HOLD,LOW,100.0,50.0,0.0,0.0,0.0,0.0,0.0,1.0,0.25,50.0,50.0,120.0,80.0,100.0,100.0,100.0,"{'price_trend_score': 50, 'moving_average_signal_score': 50, 'trend_strength_score': 40, 'rsi_signal_score': 50, 'macd_signal_score': 40, 'momentum_score_score': 40, 'volume_trend_score': 50, 'volume_price_trend_score': 50, 'volatility_signal_score': 60, 'bollinger_position_score': 50}",0,False
LOW,47.2,HOLD,LOW,100.0,50.0,0.0,0.0,0.0,0.0,0.0,1.0,0.25,50.0,50.0,120.0,80.0,100.0,100.0,100.0,"{'price_trend_score': 50, 'moving_average_signal_score': 50, 'trend_strength_score': 40, 'rsi_signal_score': 50, 'macd_signal_score': 40, 'momentum_score_score': 40, 'volume_trend_score': 50, 'volume_price_trend_score': 50, 'volatility_signal_score': 60, 'bollinger_position_score': 50}",0,False
MTCH,47.2,HOLD,LOW,100.0,50.0,0.0,0.0,0.0,0.0,0.0,1.0,0.25,50.0,50.0,120.0,80.0,100.0,100.0,100.0,"{'price_trend_score': 50, 'moving_average_signal_score': 50, 'trend_strength_score': 40, 'rsi_signal_score': 50, 'macd_signal_score': 40, 'momentum_score_score': 40, 'volume_trend_score': 50, 'volume_price_trend_score': 50, 'volatility_signal_score': 60, 'bollinger_position_score': 50}",0,False
SNOW,47.2,HOLD,LOW,100.0,50.0,0.0,0.0,0.0,0.0,0.0,1.0,0.25,50.0,50.0,120.0,80.0,100.0,100.0,100.0,"{'price_trend_score': 50, 'moving_average_signal_score': 50, 'trend_strength_score': 40, 'rsi_signal_score': 50, 'macd_signal_score': 40, 'momentum_score_score': 40, 'volume_trend_score': 50, 'volume_price_trend_score': 50, 'volatility_signal_score': 60, 'bollinger_position_score': 50}",0,False
CRM,47.2,HOLD,LOW,100.0,50.0,0.0,0.0,0.0,0.0,0.0,1.0,0.25,50.0,50.0,120.0,80.0,100.0,100.0,100.0,"{'price_trend_score': 50, 'moving_average_signal_score': 50, 'trend_strength_score': 40, 'rsi_signal_score': 50, 'macd_signal_score': 40, 'momentum_score_score': 40, 'volume_trend_score': 50, 'volume_price_trend_score': 50, 'volatility_signal_score': 60, 'bollinger_position_score': 50}",0,False
EBAY,47.2,HOLD,LOW,100.0,50.0,0.0,0.0,0.0,0.0,0.0,1.0,0.25,50.0,50.0,120.0,80.0,100.0,100.0,100.0,"{'price_trend_score': 50, 'moving_average_signal_score': 50, 'trend_strength_score': 40, 'rsi_signal_score': 50, 'macd_signal_score': 40, 'momentum_score_score': 40, 'volume_trend_score': 50, 'volume_price_trend_score': 50, 'volatility_signal_score': 60, 'bollinger_position_score': 50}",0,False
ANTM,47.2,HOLD,LOW,100.0,50.0,0.0,0.0,0.0,0.0,0.0,1.0,0.25,50.0,50.0,120.0,80.0,100.0,100.0,100.0,"{'price_trend_score': 50, 'moving_average_signal_score': 50, 'trend_strength_score': 40, 'rsi_signal_score': 50, 'macd_signal_score': 40, 'momentum_score_score': 40, 'volume_trend_score': 50, 'volume_price_trend_score': 50, 'volatility_signal_score': 60, 'bollinger_position_score': 50}",0,False
ETSY,47.2,HOLD,LOW,100.0,50.0,0.0,0.0,0.0,0.0,0.0,1.0,0.25,50.0,50.0,120.0,80.0,100.0,100.0,100.0,"{'price_trend_score': 50, 'moving_average_signal_score': 50, 'trend_strength_score': 40, 'rsi_signal_score': 50, 'macd_signal_score': 40, 'momentum_score_score': 40, 'volume_trend_score': 50, 'volume_price_trend_score': 50, 'volatility_signal_score': 60, 'bollinger_position_score': 50}",0,False
TRVG,47.2,HOLD,LOW,100.0,50.0,0.0,0.0,0.0,0.0,0.0,1.0,0.25,50.0,50.0,120.0,80.0,100.0,100.0,100.0,"{'price_trend_score': 50, 'moving_average_signal_score': 50, 'trend_strength_score': 40, 'rsi_signal_score': 50, 'macd_signal_score': 40, 'momentum_score_score': 40, 'volume_trend_score': 50, 'volume_price_trend_score': 50, 'volatility_signal_score': 60, 'bollinger_position_score': 50}",0,False
DIS,47.2,HOLD,LOW,100.0,50.0,0.0,0.0,0.0,0.0,0.0,1.0,0.25,50.0,50.0,120.0,80.0,100.0,100.0,100.0,"{'price_trend_score': 50, 'moving_average_signal_score': 50, 'trend_strength_score': 40, 'rsi_signal_score': 50, 'macd_signal_score': 40, 'momentum_score_score': 40, 'volume_trend_score': 50, 'volume_price_trend_score': 50, 'volatility_signal_score': 60, 'bollinger_position_score': 50}",0,False
ALXN,47.2,HOLD,LOW,100.0,50.0,0.0,0.0,0.0,0.0,0.0,1.0,0.25,50.0,50.0,120.0,80.0,100.0,100.0,100.0,"{'price_trend_score': 50, 'moving_average_signal_score': 50, 'trend_strength_score': 40, 'rsi_signal_score': 50, 'macd_signal_score': 40, 'momentum_score_score': 40, 'volume_trend_score': 50, 'volume_price_trend_score': 50, 'volatility_signal_score': 60, 'bollinger_position_score': 50}",0,False
LCID,47.2,HOLD,LOW,100.0,50.0,0.0,0.0,0.0,0.0,0.0,1.0,0.25,50.0,50.0,120.0,80.0,100.0,100.0,100.0,"{'price_trend_score': 50, 'moving_average_signal_score': 50, 'trend_strength_score': 40, 'rsi_signal_score': 50, 'macd_signal_score': 40, 'momentum_score_score': 40, 'volume_trend_score': 50, 'volume_price_trend_score': 50, 'volatility_signal_score': 60, 'bollinger_position_score': 50}",0,False
CLOV,47.2,HOLD,LOW,100.0,50.0,0.0,0.0,0.0,0.0,0.0,1.0,0.25,50.0,50.0,120.0,80.0,100.0,100.0,100.0,"{'price_trend_score': 50, 'moving_average_signal_score': 50, 'trend_strength_score': 40, 'rsi_signal_score': 50, 'macd_signal_score': 40, 'momentum_score_score': 40, 'volume_trend_score': 50, 'volume_price_trend_score': 50, 'volatility_signal_score': 60, 'bollinger_position_score': 50}",0,False
BA,47.2,HOLD,LOW,100.0,50.0,0.0,0.0,0.0,0.0,0.0,1.0,0.25,50.0,50.0,120.0,80.0,100.0,100.0,100.0,"{'price_trend_score': 50, 'moving_average_signal_score': 50, 'trend_strength_score': 40, 'rsi_signal_score': 50, 'macd_signal_score': 40, 'momentum_score_score': 40, 'volume_trend_score': 50, 'volume_price_trend_score': 50, 'volatility_signal_score': 60, 'bollinger_position_score': 50}",0,False
MPWR,47.2,HOLD,LOW,100.0,50.0,0.0,0.0,0.0,0.0,0.0,1.0,0.25,50.0,50.0,120.0,80.0,100.0,100.0,100.0,"{'price_trend_score': 50, 'moving_average_signal_score': 50, 'trend_strength_score': 40, 'rsi_signal_score': 50, 'macd_signal_score': 40, 'momentum_score_score': 40, 'volume_trend_score': 50, 'volume_price_trend_score': 50, 'volatility_signal_score': 60, 'bollinger_position_score': 50}",0,False
FEYE,47.2,HOLD,LOW,100.0,50.0,0.0,0.0,0.0,0.0,0.0,1.0,0.25,50.0,50.0,120.0,80.0,100.0,100.0,100.0,"{'price_trend_score': 50, 'moving_average_signal_score': 50, 'trend_strength_score': 40, 'rsi_signal_score': 50, 'macd_signal_score': 40, 'momentum_score_score': 40, 'volume_trend_score': 50, 'volume_price_trend_score': 50, 'volatility_signal_score': 60, 'bollinger_position_score': 50}",0,False
LMND,47.2,HOLD,LOW,100.0,50.0,0.0,0.0,0.0,0.0,0.0,1.0,0.25,50.0,50.0,120.0,80.0,100.0,100.0,100.0,"{'price_trend_score': 50, 'moving_average_signal_score': 50, 'trend_strength_score': 40, 'rsi_signal_score': 50, 'macd_signal_score': 40, 'momentum_score_score': 40, 'volume_trend_score': 50, 'volume_price_trend_score': 50, 'volatility_signal_score': 60, 'bollinger_position_score': 50}",0,False
SGEN,47.2,HOLD,LOW,100.0,50.0,0.0,0.0,0.0,0.0,0.0,1.0,0.25,50.0,50.0,120.0,80.0,100.0,100.0,100.0,"{'price_trend_score': 50, 'moving_average_signal_score': 50, 'trend_strength_score': 40, 'rsi_signal_score': 50, 'macd_signal_score': 40, 'momentum_score_score': 40, 'volume_trend_score': 50, 'volume_price_trend_score': 50, 'volatility_signal_score': 60, 'bollinger_position_score': 50}",0,False
EXPE,47.2,HOLD,LOW,100.0,50.0,0.0,0.0,0.0,0.0,0.0,1.0,0.25,50.0,50.0,120.0,80.0,100.0,100.0,100.0,"{'price_trend_score': 50, 'moving_average_signal_score': 50, 'trend_strength_score': 40, 'rsi_signal_score': 50, 'macd_signal_score': 40, 'momentum_score_score': 40, 'volume_trend_score': 50, 'volume_price_trend_score': 50, 'volatility_signal_score': 60, 'bollinger_position_score': 50}",0,False
PLTR,47.2,HOLD,LOW,100.0,50.0,0.0,0.0,0.0,0.0,0.0,1.0,0.25,50.0,50.0,120.0,80.0,100.0,100.0,100.0,"{'price_trend_score': 50, 'moving_average_signal_score': 50, 'trend_strength_score': 40, 'rsi_signal_score': 50, 'macd_signal_score': 40, 'momentum_score_score': 40, 'volume_trend_score': 50, 'volume_price_trend_score': 50, 'volatility_signal_score': 60, 'bollinger_position_score': 50}",0,False
FTNT,47.2,HOLD,LOW,100.0,50.0,0.0,0.0,0.0,0.0,0.0,1.0,0.25,50.0,50.0,120.0,80.0,100.0,100.0,100.0,"{'price_trend_score': 50, 'moving_average_signal_score': 50, 'trend_strength_score': 40, 'rsi_signal_score': 50, 'macd_signal_score': 40, 'momentum_score_score': 40, 'volume_trend_score': 50, 'volume_price_trend_score': 50, 'volatility_signal_score': 60, 'bollinger_position_score': 50}",0,False
AMZN,47.2,HOLD,LOW,100.0,50.0,0.0,0.0,0.0,0.0,0.0,1.0,0.25,50.0,50.0,120.0,80.0,100.0,100.0,100.0,"{'price_trend_score': 50, 'moving_average_signal_score': 50, 'trend_strength_score': 40, 'rsi_signal_score': 50, 'macd_signal_score': 40, 'momentum_score_score': 40, 'volume_trend_score': 50, 'volume_price_trend_score': 50, 'volatility_signal_score': 60, 'bollinger_position_score': 50}",0,False
ARKG,47.2,HOLD,LOW,100.0,50.0,0.0,0.0,0.0,0.0,0.0,1.0,0.25,50.0,50.0,120.0,80.0,100.0,100.0,100.0,"{'price_trend_score': 50, 'moving_average_signal_score': 50, 'trend_strength_score': 40, 'rsi_signal_score': 50, 'macd_signal_score': 40, 'momentum_score_score': 40, 'volume_trend_score': 50, 'volume_price_trend_score': 50, 'volatility_signal_score': 60, 'bollinger_position_score': 50}",0,False
OKTA,47.2,HOLD,LOW,100.0,50.0,0.0,0.0,0.0,0.0,0.0,1.0,0.25,50.0,50.0,120.0,80.0,100.0,100.0,100.0,"{'price_trend_score': 50, 'moving_average_signal_score': 50, 'trend_strength_score': 40, 'rsi_signal_score': 50, 'macd_signal_score': 40, 'momentum_score_score': 40, 'volume_trend_score': 50, 'volume_price_trend_score': 50, 'volatility_signal_score': 60, 'bollinger_position_score': 50}",0,False
UPS,47.2,HOLD,LOW,100.0,50.0,0.0,0.0,0.0,0.0,0.0,1.0,0.25,50.0,50.0,120.0,80.0,100.0,100.0,100.0,"{'price_trend_score': 50, 'moving_average_signal_score': 50, 'trend_strength_score': 40, 'rsi_signal_score': 50, 'macd_signal_score': 40, 'momentum_score_score': 40, 'volume_trend_score': 50, 'volume_price_trend_score': 50, 'volatility_signal_score': 60, 'bollinger_position_score': 50}",0,False
EVGO,47.2,HOLD,LOW,100.0,50.0,0.0,0.0,0.0,0.0,0.0,1.0,0.25,50.0,50.0,120.0,80.0,100.0,100.0,100.0,"{'price_trend_score': 50, 'moving_average_signal_score': 50, 'trend_strength_score': 40, 'rsi_signal_score': 50, 'macd_signal_score': 40, 'momentum_score_score': 40, 'volume_trend_score': 50, 'volume_price_trend_score': 50, 'volatility_signal_score': 60, 'bollinger_position_score': 50}",0,False
OPEN,47.2,HOLD,LOW,100.0,50.0,0.0,0.0,0.0,0.0,0.0,1.0,0.25,50.0,50.0,120.0,80.0,100.0,100.0,100.0,"{'price_trend_score': 50, 'moving_average_signal_score': 50, 'trend_strength_score': 40, 'rsi_signal_score': 50, 'macd_signal_score': 40, 'momentum_score_score': 40, 'volume_trend_score': 50, 'volume_price_trend_score': 50, 'volatility_signal_score': 60, 'bollinger_position_score': 50}",0,False
ROOT,47.2,HOLD,LOW,100.0,50.0,0.0,0.0,0.0,0.0,0.0,1.0,0.25,50.0,50.0,120.0,80.0,100.0,100.0,100.0,"{'price_trend_score': 50, 'moving_average_signal_score': 50, 'trend_strength_score': 40, 'rsi_signal_score': 50, 'macd_signal_score': 40, 'momentum_score_score': 40, 'volume_trend_score': 50, 'volume_price_trend_score': 50, 'volatility_signal_score': 60, 'bollinger_position_score': 50}",0,False
SPOT,47.2,HOLD,LOW,100.0,50.0,0.0,0.0,0.0,0.0,0.0,1.0,0.25,50.0,50.0,120.0,80.0,100.0,100.0,100.0,"{'price_trend_score': 50, 'moving_average_signal_score': 50, 'trend_strength_score': 40, 'rsi_signal_score': 50, 'macd_signal_score': 40, 'momentum_score_score': 40, 'volume_trend_score': 50, 'volume_price_trend_score': 50, 'volatility_signal_score': 60, 'bollinger_position_score': 50}",0,False
TECH,47.2,HOLD,LOW,100.0,50.0,0.0,0.0,0.0,0.0,0.0,1.0,0.25,50.0,50.0,120.0,80.0,100.0,100.0,100.0,"{'price_trend_score': 50, 'moving_average_signal_score': 50, 'trend_strength_score': 40, 'rsi_signal_score': 50, 'macd_signal_score': 40, 'momentum_score_score': 40, 'volume_trend_score': 50, 'volume_price_trend_score': 50, 'volatility_signal_score': 60, 'bollinger_position_score': 50}",0,False
WISH,47.2,HOLD,LOW,100.0,50.0,0.0,0.0,0.0,0.0,0.0,1.0,0.25,50.0,50.0,120.0,80.0,100.0,100.0,100.0,"{'price_trend_score': 50, 'moving_average_signal_score': 50, 'trend_strength_score': 40, 'rsi_signal_score': 50, 'macd_signal_score': 40, 'momentum_score_score': 40, 'volume_trend_score': 50, 'volume_price_trend_score': 50, 'volatility_signal_score': 60, 'bollinger_position_score': 50}",0,False
ECOM,47.2,HOLD,LOW,100.0,50.0,0.0,0.0,0.0,0.0,0.0,1.0,0.25,50.0,50.0,120.0,80.0,100.0,100.0,100.0,"{'price_trend_score': 50, 'moving_average_signal_score': 50, 'trend_strength_score': 40, 'rsi_signal_score': 50, 'macd_signal_score': 40, 'momentum_score_score': 40, 'volume_trend_score': 50, 'volume_price_trend_score': 50, 'volatility_signal_score': 60, 'bollinger_position_score': 50}",0,False
AAPL,47.2,HOLD,LOW,100.0,50.0,0.0,0.0,0.0,0.0,0.0,1.0,0.25,50.0,50.0,120.0,80.0,100.0,100.0,100.0,"{'price_trend_score': 50, 'moving_average_signal_score': 50, 'trend_strength_score': 40, 'rsi_signal_score': 50, 'macd_signal_score': 40, 'momentum_score_score': 40, 'volume_trend_score': 50, 'volume_price_trend_score': 50, 'volatility_signal_score': 60, 'bollinger_position_score': 50}",0,False
ISRG,47.2,HOLD,LOW,100.0,50.0,0.0,0.0,0.0,0.0,0.0,1.0,0.25,50.0,50.0,120.0,80.0,100.0,100.0,100.0,"{'price_trend_score': 50, 'moving_average_signal_score': 50, 'trend_strength_score': 40, 'rsi_signal_score': 50, 'macd_signal_score': 40, 'momentum_score_score': 40, 'volume_trend_score': 50, 'volume_price_trend_score': 50, 'volatility_signal_score': 60, 'bollinger_position_score': 50}",0,False
MU,47.2,HOLD,LOW,100.0,50.0,0.0,0.0,0.0,0.0,0.0,1.0,0.25,50.0,50.0,120.0,80.0,100.0,100.0,100.0,"{'price_trend_score': 50, 'moving_average_signal_score': 50, 'trend_strength_score': 40, 'rsi_signal_score': 50, 'macd_signal_score': 40, 'momentum_score_score': 40, 'volume_trend_score': 50, 'volume_price_trend_score': 50, 'volatility_signal_score': 60, 'bollinger_position_score': 50}",0,False
SBUX,47.2,HOLD,LOW,100.0,50.0,0.0,0.0,0.0,0.0,0.0,1.0,0.25,50.0,50.0,120.0,80.0,100.0,100.0,100.0,"{'price_trend_score': 50, 'moving_average_signal_score': 50, 'trend_strength_score': 40, 'rsi_signal_score': 50, 'macd_signal_score': 40, 'momentum_score_score': 40, 'volume_trend_score': 50, 'volume_price_trend_score': 50, 'volatility_signal_score': 60, 'bollinger_position_score': 50}",0,False
GILD,47.2,HOLD,LOW,100.0,50.0,0.0,0.0,0.0,0.0,0.0,1.0,0.25,50.0,50.0,120.0,80.0,100.0,100.0,100.0,"{'price_trend_score': 50, 'moving_average_signal_score': 50, 'trend_strength_score': 40, 'rsi_signal_score': 50, 'macd_signal_score': 40, 'momentum_score_score': 40, 'volume_trend_score': 50, 'volume_price_trend_score': 50, 'volatility_signal_score': 60, 'bollinger_position_score': 50}",0,False
PANW,47.2,HOLD,LOW,100.0,50.0,0.0,0.0,0.0,0.0,0.0,1.0,0.25,50.0,50.0,120.0,80.0,100.0,100.0,100.0,"{'price_trend_score': 50, 'moving_average_signal_score': 50, 'trend_strength_score': 40, 'rsi_signal_score': 50, 'macd_signal_score': 40, 'momentum_score_score': 40, 'volume_trend_score': 50, 'volume_price_trend_score': 50, 'volatility_signal_score': 60, 'bollinger_position_score': 50}",0,False
ADI,47.2,HOLD,LOW,100.0,50.0,0.0,0.0,0.0,0.0,0.0,1.0,0.25,50.0,50.0,120.0,80.0,100.0,100.0,100.0,"{'price_trend_score': 50, 'moving_average_signal_score': 50, 'trend_strength_score': 40, 'rsi_signal_score': 50, 'macd_signal_score': 40, 'momentum_score_score': 40, 'volume_trend_score': 50, 'volume_price_trend_score': 50, 'volatility_signal_score': 60, 'bollinger_position_score': 50}",0,False
LRCX,47.2,HOLD,LOW,100.0,50.0,0.0,0.0,0.0,0.0,0.0,1.0,0.25,50.0,50.0,120.0,80.0,100.0,100.0,100.0,"{'price_trend_score': 50, 'moving_average_signal_score': 50, 'trend_strength_score': 40, 'rsi_signal_score': 50, 'macd_signal_score': 40, 'momentum_score_score': 40, 'volume_trend_score': 50, 'volume_price_trend_score': 50, 'volatility_signal_score': 60, 'bollinger_position_score': 50}",0,False
PYPL,47.2,HOLD,LOW,100.0,50.0,0.0,0.0,0.0,0.0,0.0,1.0,0.25,50.0,50.0,120.0,80.0,100.0,100.0,100.0,"{'price_trend_score': 50, 'moving_average_signal_score': 50, 'trend_strength_score': 40, 'rsi_signal_score': 50, 'macd_signal_score': 40, 'momentum_score_score': 40, 'volume_trend_score': 50, 'volume_price_trend_score': 50, 'volatility_signal_score': 60, 'bollinger_position_score': 50}",0,False
INTC,47.2,HOLD,LOW,100.0,50.0,0.0,0.0,0.0,0.0,0.0,1.0,0.25,50.0,50.0,120.0,80.0,100.0,100.0,100.0,"{'price_trend_score': 50, 'moving_average_signal_score': 50, 'trend_strength_score': 40, 'rsi_signal_score': 50, 'macd_signal_score': 40, 'momentum_score_score': 40, 'volume_trend_score': 50, 'volume_price_trend_score': 50, 'volatility_signal_score': 60, 'bollinger_position_score': 50}",0,False
KLAC,47.2,HOLD,LOW,100.0,50.0,0.0,0.0,0.0,0.0,0.0,1.0,0.25,50.0,50.0,120.0,80.0,100.0,100.0,100.0,"{'price_trend_score': 50, 'moving_average_signal_score': 50, 'trend_strength_score': 40, 'rsi_signal_score': 50, 'macd_signal_score': 40, 'momentum_score_score': 40, 'volume_trend_score': 50, 'volume_price_trend_score': 50, 'volatility_signal_score': 60, 'bollinger_position_score': 50}",0,False
MRVL,47.2,HOLD,LOW,100.0,50.0,0.0,0.0,0.0,0.0,0.0,1.0,0.25,50.0,50.0,120.0,80.0,100.0,100.0,100.0,"{'price_trend_score': 50, 'moving_average_signal_score': 50, 'trend_strength_score': 40, 'rsi_signal_score': 50, 'macd_signal_score': 40, 'momentum_score_score': 40, 'volume_trend_score': 50, 'volume_price_trend_score': 50, 'volatility_signal_score': 60, 'bollinger_position_score': 50}",0,False
SNPS,47.2,HOLD,LOW,100.0,50.0,0.0,0.0,0.0,0.0,0.0,1.0,0.25,50.0,50.0,120.0,80.0,100.0,100.0,100.0,"{'price_trend_score': 50, 'moving_average_signal_score': 50, 'trend_strength_score': 40, 'rsi_signal_score': 50, 'macd_signal_score': 40, 'momentum_score_score': 40, 'volume_trend_score': 50, 'volume_price_trend_score': 50, 'volatility_signal_score': 60, 'bollinger_position_score': 50}",0,False
CDNS,47.2,HOLD,LOW,100.0,50.0,0.0,0.0,0.0,0.0,0.0,1.0,0.25,50.0,50.0,120.0,80.0,100.0,100.0,100.0,"{'price_trend_score': 50, 'moving_average_signal_score': 50, 'trend_strength_score': 40, 'rsi_signal_score': 50, 'macd_signal_score': 40, 'momentum_score_score': 40, 'volume_trend_score': 50, 'volume_price_trend_score': 50, 'volatility_signal_score': 60, 'bollinger_position_score': 50}",0,False
REGN,47.2,HOLD,LOW,100.0,50.0,0.0,0.0,0.0,0.0,0.0,1.0,0.25,50.0,50.0,120.0,80.0,100.0,100.0,100.0,"{'price_trend_score': 50, 'moving_average_signal_score': 50, 'trend_strength_score': 40, 'rsi_signal_score': 50, 'macd_signal_score': 40, 'momentum_score_score': 40, 'volume_trend_score': 50, 'volume_price_trend_score': 50, 'volatility_signal_score': 60, 'bollinger_position_score': 50}",0,False
CRWD,47.2,HOLD,LOW,100.0,50.0,0.0,0.0,0.0,0.0,0.0,1.0,0.25,50.0,50.0,120.0,80.0,100.0,100.0,100.0,"{'price_trend_score': 50, 'moving_average_signal_score': 50, 'trend_strength_score': 40, 'rsi_signal_score': 50, 'macd_signal_score': 40, 'momentum_score_score': 40, 'volume_trend_score': 50, 'volume_price_trend_score': 50, 'volatility_signal_score': 60, 'bollinger_position_score': 50}",0,False
FTNT,47.2,HOLD,LOW,100.0,50.0,0.0,0.0,0.0,0.0,0.0,1.0,0.25,50.0,50.0,120.0,80.0,100.0,100.0,100.0,"{'price_trend_score': 50, 'moving_average_signal_score': 50, 'trend_strength_score': 40, 'rsi_signal_score': 50, 'macd_signal_score': 40, 'momentum_score_score': 40, 'volume_trend_score': 50, 'volume_price_trend_score': 50, 'volatility_signal_score': 60, 'bollinger_position_score': 50}",0,False
ABNB,47.2,HOLD,LOW,100.0,50.0,0.0,0.0,0.0,0.0,0.0,1.0,0.25,50.0,50.0,120.0,80.0,100.0,100.0,100.0,"{'price_trend_score': 50, 'moving_average_signal_score': 50, 'trend_strength_score': 40, 'rsi_signal_score': 50, 'macd_signal_score': 40, 'momentum_score_score': 40, 'volume_trend_score': 50, 'volume_price_trend_score': 50, 'volatility_signal_score': 60, 'bollinger_position_score': 50}",0,False
ORLY,47.2,HOLD,LOW,100.0,50.0,0.0,0.0,0.0,0.0,0.0,1.0,0.25,50.0,50.0,120.0,80.0,100.0,100.0,100.0,"{'price_trend_score': 50, 'moving_average_signal_score': 50, 'trend_strength_score': 40, 'rsi_signal_score': 50, 'macd_signal_score': 40, 'momentum_score_score': 40, 'volume_trend_score': 50, 'volume_price_trend_score': 50, 'volatility_signal_score': 60, 'bollinger_position_score': 50}",0,False
CSX,47.2,HOLD,LOW,100.0,50.0,0.0,0.0,0.0,0.0,0.0,1.0,0.25,50.0,50.0,120.0,80.0,100.0,100.0,100.0,"{'price_trend_score': 50, 'moving_average_signal_score': 50, 'trend_strength_score': 40, 'rsi_signal_score': 50, 'macd_signal_score': 40, 'momentum_score_score': 40, 'volume_trend_score': 50, 'volume_price_trend_score': 50, 'volatility_signal_score': 60, 'bollinger_position_score': 50}",0,False
DASH,47.2,HOLD,LOW,100.0,50.0,0.0,0.0,0.0,0.0,0.0,1.0,0.25,50.0,50.0,120.0,80.0,100.0,100.0,100.0,"{'price_trend_score': 50, 'moving_average_signal_score': 50, 'trend_strength_score': 40, 'rsi_signal_score': 50, 'macd_signal_score': 40, 'momentum_score_score': 40, 'volume_trend_score': 50, 'volume_price_trend_score': 50, 'volatility_signal_score': 60, 'bollinger_position_score': 50}",0,False
NXPI,47.2,HOLD,LOW,100.0,50.0,0.0,0.0,0.0,0.0,0.0,1.0,0.25,50.0,50.0,120.0,80.0,100.0,100.0,100.0,"{'price_trend_score': 50, 'moving_average_signal_score': 50, 'trend_strength_score': 40, 'rsi_signal_score': 50, 'macd_signal_score': 40, 'momentum_score_score': 40, 'volume_trend_score': 50, 'volume_price_trend_score': 50, 'volatility_signal_score': 60, 'bollinger_position_score': 50}",0,False
WDAY,47.2,HOLD,LOW,100.0,50.0,0.0,0.0,0.0,0.0,0.0,1.0,0.25,50.0,50.0,120.0,80.0,100.0,100.0,100.0,"{'price_trend_score': 50, 'moving_average_signal_score': 50, 'trend_strength_score': 40, 'rsi_signal_score': 50, 'macd_signal_score': 40, 'momentum_score_score': 40, 'volume_trend_score': 50, 'volume_price_trend_score': 50, 'volatility_signal_score': 60, 'bollinger_position_score': 50}",0,False
ADP,47.2,HOLD,LOW,100.0,50.0,0.0,0.0,0.0,0.0,0.0,1.0,0.25,50.0,50.0,120.0,80.0,100.0,100.0,100.0,"{'price_trend_score': 50, 'moving_average_signal_score': 50, 'trend_strength_score': 40, 'rsi_signal_score': 50, 'macd_signal_score': 40, 'momentum_score_score': 40, 'volume_trend_score': 50, 'volume_price_trend_score': 50, 'volatility_signal_score': 60, 'bollinger_position_score': 50}",0,False
VRTX,47.2,HOLD,LOW,100.0,50.0,0.0,0.0,0.0,0.0,0.0,1.0,0.25,50.0,50.0,120.0,80.0,100.0,100.0,100.0,"{'price_trend_score': 50, 'moving_average_signal_score': 50, 'trend_strength_score': 40, 'rsi_signal_score': 50, 'macd_signal_score': 40, 'momentum_score_score': 40, 'volume_trend_score': 50, 'volume_price_trend_score': 50, 'volatility_signal_score': 60, 'bollinger_position_score': 50}",0,False
CPRT,47.2,HOLD,LOW,100.0,50.0,0.0,0.0,0.0,0.0,0.0,1.0,0.25,50.0,50.0,120.0,80.0,100.0,100.0,100.0,"{'price_trend_score': 50, 'moving_average_signal_score': 50, 'trend_strength_score': 40, 'rsi_signal_score': 50, 'macd_signal_score': 40, 'momentum_score_score': 40, 'volume_trend_score': 50, 'volume_price_trend_score': 50, 'volatility_signal_score': 60, 'bollinger_position_score': 50}",0,False
HON,47.2,HOLD,LOW,100.0,50.0,0.0,0.0,0.0,0.0,0.0,1.0,0.25,50.0,50.0,120.0,80.0,100.0,100.0,100.0,"{'price_trend_score': 50, 'moving_average_signal_score': 50, 'trend_strength_score': 40, 'rsi_signal_score': 50, 'macd_signal_score': 40, 'momentum_score_score': 40, 'volume_trend_score': 50, 'volume_price_trend_score': 50, 'volatility_signal_score': 60, 'bollinger_position_score': 50}",0,False
NVDA,47.2,HOLD,LOW,100.0,50.0,0.0,0.0,0.0,0.0,0.0,1.0,0.25,50.0,50.0,120.0,80.0,100.0,100.0,100.0,"{'price_trend_score': 50, 'moving_average_signal_score': 50, 'trend_strength_score': 40, 'rsi_signal_score': 50, 'macd_signal_score': 40, 'momentum_score_score': 40, 'volume_trend_score': 50, 'volume_price_trend_score': 50, 'volatility_signal_score': 60, 'bollinger_position_score': 50}",0,False
TSLA,47.2,HOLD,LOW,100.0,50.0,0.0,0.0,0.0,0.0,0.0,1.0,0.25,50.0,50.0,120.0,80.0,100.0,100.0,100.0,"{'price_trend_score': 50, 'moving_average_signal_score': 50, 'trend_strength_score': 40, 'rsi_signal_score': 50, 'macd_signal_score': 40, 'momentum_score_score': 40, 'volume_trend_score': 50, 'volume_price_trend_score': 50, 'volatility_signal_score': 60, 'bollinger_position_score': 50}",0,False
GOOGL,47.2,HOLD,LOW,100.0,50.0,0.0,0.0,0.0,0.0,0.0,1.0,0.25,50.0,50.0,120.0,80.0,100.0,100.0,100.0,"{'price_trend_score': 50, 'moving_average_signal_score': 50, 'trend_strength_score': 40, 'rsi_signal_score': 50, 'macd_signal_score': 40, 'momentum_score_score': 40, 'volume_trend_score': 50, 'volume_price_trend_score': 50, 'volatility_signal_score': 60, 'bollinger_position_score': 50}",0,False
AMZN,47.2,HOLD,LOW,100.0,50.0,0.0,0.0,0.0,0.0,0.0,1.0,0.25,50.0,50.0,120.0,80.0,100.0,100.0,100.0,"{'price_trend_score': 50, 'moving_average_signal_score': 50, 'trend_strength_score': 40, 'rsi_signal_score': 50, 'macd_signal_score': 40, 'momentum_score_score': 40, 'volume_trend_score': 50, 'volume_price_trend_score': 50, 'volatility_signal_score': 60, 'bollinger_position_score': 50}",0,False
GOOG,47.2,HOLD,LOW,100.0,50.0,0.0,0.0,0.0,0.0,0.0,1.0,0.25,50.0,50.0,120.0,80.0,100.0,100.0,100.0,"{'price_trend_score': 50, 'moving_average_signal_score': 50, 'trend_strength_score': 40, 'rsi_signal_score': 50, 'macd_signal_score': 40, 'momentum_score_score': 40, 'volume_trend_score': 50, 'volume_price_trend_score': 50, 'volatility_signal_score': 60, 'bollinger_position_score': 50}",0,False
META,47.2,HOLD,LOW,100.0,50.0,0.0,0.0,0.0,0.0,0.0,1.0,0.25,50.0,50.0,120.0,80.0,100.0,100.0,100.0,"{'price_trend_score': 50, 'moving_average_signal_score': 50, 'trend_strength_score': 40, 'rsi_signal_score': 50, 'macd_signal_score': 40, 'momentum_score_score': 40, 'volume_trend_score': 50, 'volume_price_trend_score': 50, 'volatility_signal_score': 60, 'bollinger_position_score': 50}",0,False
AVGO,47.2,HOLD,LOW,100.0,50.0,0.0,0.0,0.0,0.0,0.0,1.0,0.25,50.0,50.0,120.0,80.0,100.0,100.0,100.0,"{'price_trend_score': 50, 'moving_average_signal_score': 50, 'trend_strength_score': 40, 'rsi_signal_score': 50, 'macd_signal_score': 40, 'momentum_score_score': 40, 'volume_trend_score': 50, 'volume_price_trend_score': 50, 'volatility_signal_score': 60, 'bollinger_position_score': 50}",0,False
NFLX,47.2,HOLD,LOW,100.0,50.0,0.0,0.0,0.0,0.0,0.0,1.0,0.25,50.0,50.0,120.0,80.0,100.0,100.0,100.0,"{'price_trend_score': 50, 'moving_average_signal_score': 50, 'trend_strength_score': 40, 'rsi_signal_score': 50, 'macd_signal_score': 40, 'momentum_score_score': 40, 'volume_trend_score': 50, 'volume_price_trend_score': 50, 'volatility_signal_score': 60, 'bollinger_position_score': 50}",0,False
COST,47.2,HOLD,LOW,100.0,50.0,0.0,0.0,0.0,0.0,0.0,1.0,0.25,50.0,50.0,120.0,80.0,100.0,100.0,100.0,"{'price_trend_score': 50, 'moving_average_signal_score': 50, 'trend_strength_score': 40, 'rsi_signal_score': 50, 'macd_signal_score': 40, 'momentum_score_score': 40, 'volume_trend_score': 50, 'volume_price_trend_score': 50, 'volatility_signal_score': 60, 'bollinger_position_score': 50}",0,False
TMUS,47.2,HOLD,LOW,100.0,50.0,0.0,0.0,0.0,0.0,0.0,1.0,0.25,50.0,50.0,120.0,80.0,100.0,100.0,100.0,"{'price_trend_score': 50, 'moving_average_signal_score': 50, 'trend_strength_score': 40, 'rsi_signal_score': 50, 'macd_signal_score': 40, 'momentum_score_score': 40, 'volume_trend_score': 50, 'volume_price_trend_score': 50, 'volatility_signal_score': 60, 'bollinger_position_score': 50}",0,False
ASML,47.2,HOLD,LOW,100.0,50.0,0.0,0.0,0.0,0.0,0.0,1.0,0.25,50.0,50.0,120.0,80.0,100.0,100.0,100.0,"{'price_trend_score': 50, 'moving_average_signal_score': 50, 'trend_strength_score': 40, 'rsi_signal_score': 50, 'macd_signal_score': 40, 'momentum_score_score': 40, 'volume_trend_score': 50, 'volume_price_trend_score': 50, 'volatility_signal_score': 60, 'bollinger_position_score': 50}",0,False
PEP,47.2,HOLD,LOW,100.0,50.0,0.0,0.0,0.0,0.0,0.0,1.0,0.25,50.0,50.0,120.0,80.0,100.0,100.0,100.0,"{'price_trend_score': 50, 'moving_average_signal_score': 50, 'trend_strength_score': 40, 'rsi_signal_score': 50, 'macd_signal_score': 40, 'momentum_score_score': 40, 'volume_trend_score': 50, 'volume_price_trend_score': 50, 'volatility_signal_score': 60, 'bollinger_position_score': 50}",0,False
ADBE,47.2,HOLD,LOW,100.0,50.0,0.0,0.0,0.0,0.0,0.0,1.0,0.25,50.0,50.0,120.0,80.0,100.0,100.0,100.0,"{'price_trend_score': 50, 'moving_average_signal_score': 50, 'trend_strength_score': 40, 'rsi_signal_score': 50, 'macd_signal_score': 40, 'momentum_score_score': 40, 'volume_trend_score': 50, 'volume_price_trend_score': 50, 'volatility_signal_score': 60, 'bollinger_position_score': 50}",0,False
CSCO,47.2,HOLD,LOW,100.0,50.0,0.0,0.0,0.0,0.0,0.0,1.0,0.25,50.0,50.0,120.0,80.0,100.0,100.0,100.0,"{'price_trend_score': 50, 'moving_average_signal_score': 50, 'trend_strength_score': 40, 'rsi_signal_score': 50, 'macd_signal_score': 40, 'momentum_score_score': 40, 'volume_trend_score': 50, 'volume_price_trend_score': 50, 'volatility_signal_score': 60, 'bollinger_position_score': 50}",0,False
AMD,47.2,HOLD,LOW,100.0,50.0,0.0,0.0,0.0,0.0,0.0,1.0,0.25,50.0,50.0,120.0,80.0,100.0,100.0,100.0,"{'price_trend_score': 50, 'moving_average_signal_score': 50, 'trend_strength_score': 40, 'rsi_signal_score': 50, 'macd_signal_score': 40, 'momentum_score_score': 40, 'volume_trend_score': 50, 'volume_price_trend_score': 50, 'volatility_signal_score': 60, 'bollinger_position_score': 50}",0,False
QCOM,47.2,HOLD,LOW,100.0,50.0,0.0,0.0,0.0,0.0,0.0,1.0,0.25,50.0,50.0,120.0,80.0,100.0,100.0,100.0,"{'price_trend_score': 50, 'moving_average_signal_score': 50, 'trend_strength_score': 40, 'rsi_signal_score': 50, 'macd_signal_score': 40, 'momentum_score_score': 40, 'volume_trend_score': 50, 'volume_price_trend_score': 50, 'volatility_signal_score': 60, 'bollinger_position_score': 50}",0,False
TXN,47.2,HOLD,LOW,100.0,50.0,0.0,0.0,0.0,0.0,0.0,1.0,0.25,50.0,50.0,120.0,80.0,100.0,100.0,100.0,"{'price_trend_score': 50, 'moving_average_signal_score': 50, 'trend_strength_score': 40, 'rsi_signal_score': 50, 'macd_signal_score': 40, 'momentum_score_score': 40, 'volume_trend_score': 50, 'volume_price_trend_score': 50, 'volatility_signal_score': 60, 'bollinger_position_score': 50}",0,False
AMAT,47.2,HOLD,LOW,100.0,50.0,0.0,0.0,0.0,0.0,0.0,1.0,0.25,50.0,50.0,120.0,80.0,100.0,100.0,100.0,"{'price_trend_score': 50, 'moving_average_signal_score': 50, 'trend_strength_score': 40, 'rsi_signal_score': 50, 'macd_signal_score': 40, 'momentum_score_score': 40, 'volume_trend_score': 50, 'volume_price_trend_score': 50, 'volatility_signal_score': 60, 'bollinger_position_score': 50}",0,False
AMGN,47.2,HOLD,LOW,100.0,50.0,0.0,0.0,0.0,0.0,0.0,1.0,0.25,50.0,50.0,120.0,80.0,100.0,100.0,100.0,"{'price_trend_score': 50, 'moving_average_signal_score': 50, 'trend_strength_score': 40, 'rsi_signal_score': 50, 'macd_signal_score': 40, 'momentum_score_score': 40, 'volume_trend_score': 50, 'volume_price_trend_score': 50, 'volatility_signal_score': 60, 'bollinger_position_score': 50}",0,False
CMCSA,47.2,HOLD,LOW,100.0,50.0,0.0,0.0,0.0,0.0,0.0,1.0,0.25,50.0,50.0,120.0,80.0,100.0,100.0,100.0,"{'price_trend_score': 50, 'moving_average_signal_score': 50, 'trend_strength_score': 40, 'rsi_signal_score': 50, 'macd_signal_score': 40, 'momentum_score_score': 40, 'volume_trend_score': 50, 'volume_price_trend_score': 50, 'volatility_signal_score': 60, 'bollinger_position_score': 50}",0,False
INTU,47.2,HOLD,LOW,100.0,50.0,0.0,0.0,0.0,0.0,0.0,1.0,0.25,50.0,50.0,120.0,80.0,100.0,100.0,100.0,"{'price_trend_score': 50, 'moving_average_signal_score': 50, 'trend_strength_score': 40, 'rsi_signal_score': 50, 'macd_signal_score': 40, 'momentum_score_score': 40, 'volume_trend_score': 50, 'volume_price_trend_score': 50, 'volatility_signal_score': 60, 'bollinger_position_score': 50}",0,False
ROP,47.2,HOLD,LOW,100.0,50.0,0.0,0.0,0.0,0.0,0.0,1.0,0.25,50.0,50.0,120.0,80.0,100.0,100.0,100.0,"{'price_trend_score': 50, 'moving_average_signal_score': 50, 'trend_strength_score': 40, 'rsi_signal_score': 50, 'macd_signal_score': 40, 'momentum_score_score': 40, 'volume_trend_score': 50, 'volume_price_trend_score': 50, 'volatility_signal_score': 60, 'bollinger_position_score': 50}",0,False
PCAR,47.2,HOLD,LOW,100.0,50.0,0.0,0.0,0.0,0.0,0.0,1.0,0.25,50.0,50.0,120.0,80.0,100.0,100.0,100.0,"{'price_trend_score': 50, 'moving_average_signal_score': 50, 'trend_strength_score': 40, 'rsi_signal_score': 50, 'macd_signal_score': 40, 'momentum_score_score': 40, 'volume_trend_score': 50, 'volume_price_trend_score': 50, 'volatility_signal_score': 60, 'bollinger_position_score': 50}",0,False
TLRY,47.2,HOLD,LOW,100.0,50.0,0.0,0.0,0.0,0.0,0.0,1.0,0.25,50.0,50.0,120.0,80.0,100.0,100.0,100.0,"{'price_trend_score': 50, 'moving_average_signal_score': 50, 'trend_strength_score': 40, 'rsi_signal_score': 50, 'macd_signal_score': 40, 'momentum_score_score': 40, 'volume_trend_score': 50, 'volume_price_trend_score': 50, 'volatility_signal_score': 60, 'bollinger_position_score': 50}",0,False
IDXX,47.2,HOLD,LOW,100.0,50.0,0.0,0.0,0.0,0.0,0.0,1.0,0.25,50.0,50.0,120.0,80.0,100.0,100.0,100.0,"{'price_trend_score': 50, 'moving_average_signal_score': 50, 'trend_strength_score': 40, 'rsi_signal_score': 50, 'macd_signal_score': 40, 'momentum_score_score': 40, 'volume_trend_score': 50, 'volume_price_trend_score': 50, 'volatility_signal_score': 60, 'bollinger_position_score': 50}",0,False
BIIB,47.2,HOLD,LOW,100.0,50.0,0.0,0.0,0.0,0.0,0.0,1.0,0.25,50.0,50.0,120.0,80.0,100.0,100.0,100.0,"{'price_trend_score': 50, 'moving_average_signal_score': 50, 'trend_strength_score': 40, 'rsi_signal_score': 50, 'macd_signal_score': 40, 'momentum_score_score': 40, 'volume_trend_score': 50, 'volume_price_trend_score': 50, 'volatility_signal_score': 60, 'bollinger_position_score': 50}",0,False
WBD,47.2,HOLD,LOW,100.0,50.0,0.0,0.0,0.0,0.0,0.0,1.0,0.25,50.0,50.0,120.0,80.0,100.0,100.0,100.0,"{'price_trend_score': 50, 'moving_average_signal_score': 50, 'trend_strength_score': 40, 'rsi_signal_score': 50, 'macd_signal_score': 40, 'momentum_score_score': 40, 'volume_trend_score': 50, 'volume_price_trend_score': 50, 'volatility_signal_score': 60, 'bollinger_position_score': 50}",0,False
ILMN,47.2,HOLD,LOW,100.0,50.0,0.0,0.0,0.0,0.0,0.0,1.0,0.25,50.0,50.0,120.0,80.0,100.0,100.0,100.0,"{'price_trend_score': 50, 'moving_average_signal_score': 50, 'trend_strength_score': 40, 'rsi_signal_score': 50, 'macd_signal_score': 40, 'momentum_score_score': 40, 'volume_trend_score': 50, 'volume_price_trend_score': 50, 'volatility_signal_score': 60, 'bollinger_position_score': 50}",0,False
CDW,47.2,HOLD,LOW,100.0,50.0,0.0,0.0,0.0,0.0,0.0,1.0,0.25,50.0,50.0,120.0,80.0,100.0,100.0,100.0,"{'price_trend_score': 50, 'moving_average_signal_score': 50, 'trend_strength_score': 40, 'rsi_signal_score': 50, 'macd_signal_score': 40, 'momentum_score_score': 40, 'volume_trend_score': 50, 'volume_price_trend_score': 50, 'volatility_signal_score': 60, 'bollinger_position_score': 50}",0,False
GFS,47.2,HOLD,LOW,100.0,50.0,0.0,0.0,0.0,0.0,0.0,1.0,0.25,50.0,50.0,120.0,80.0,100.0,100.0,100.0,"{'price_trend_score': 50, 'moving_average_signal_score': 50, 'trend_strength_score': 40, 'rsi_signal_score': 50, 'macd_signal_score': 40, 'momentum_score_score': 40, 'volume_trend_score': 50, 'volume_price_trend_score': 50, 'volatility_signal_score': 60, 'bollinger_position_score': 50}",0,False
MDB,47.2,HOLD,LOW,100.0,50.0,0.0,0.0,0.0,0.0,0.0,1.0,0.25,50.0,50.0,120.0,80.0,100.0,100.0,100.0,"{'price_trend_score': 50, 'moving_average_signal_score': 50, 'trend_strength_score': 40, 'rsi_signal_score': 50, 'macd_signal_score': 40, 'momentum_score_score': 40, 'volume_trend_score': 50, 'volume_price_trend_score': 50, 'volatility_signal_score': 60, 'bollinger_position_score': 50}",0,False
MRNA,47.2,HOLD,LOW,100.0,50.0,0.0,0.0,0.0,0.0,0.0,1.0,0.25,50.0,50.0,120.0,80.0,100.0,100.0,100.0,"{'price_trend_score': 50, 'moving_average_signal_score': 50, 'trend_strength_score': 40, 'rsi_signal_score': 50, 'macd_signal_score': 40, 'momentum_score_score': 40, 'volume_trend_score': 50, 'volume_price_trend_score': 50, 'volatility_signal_score': 60, 'bollinger_position_score': 50}",0,False
ZM,47.2,HOLD,LOW,100.0,50.0,0.0,0.0,0.0,0.0,0.0,1.0,0.25,50.0,50.0,120.0,80.0,100.0,100.0,100.0,"{'price_trend_score': 50, 'moving_average_signal_score': 50, 'trend_strength_score': 40, 'rsi_signal_score': 50, 'macd_signal_score': 40, 'momentum_score_score': 40, 'volume_trend_score': 50, 'volume_price_trend_score': 50, 'volatility_signal_score': 60, 'bollinger_position_score': 50}",0,False
LULU,47.2,HOLD,LOW,100.0,50.0,0.0,0.0,0.0,0.0,0.0,1.0,0.25,50.0,50.0,120.0,80.0,100.0,100.0,100.0,"{'price_trend_score': 50, 'moving_average_signal_score': 50, 'trend_strength_score': 40, 'rsi_signal_score': 50, 'macd_signal_score': 40, 'momentum_score_score': 40, 'volume_trend_score': 50, 'volume_price_trend_score': 50, 'volatility_signal_score': 60, 'bollinger_position_score': 50}",0,False
LCID,47.2,HOLD,LOW,100.0,50.0,0.0,0.0,0.0,0.0,0.0,1.0,0.25,50.0,50.0,120.0,80.0,100.0,100.0,100.0,"{'price_trend_score': 50, 'moving_average_signal_score': 50, 'trend_strength_score': 40, 'rsi_signal_score': 50, 'macd_signal_score': 40, 'momentum_score_score': 40, 'volume_trend_score': 50, 'volume_price_trend_score': 50, 'volatility_signal_score': 60, 'bollinger_position_score': 50}",0,False
ARM,47.2,HOLD,LOW,100.0,50.0,0.0,0.0,0.0,0.0,0.0,1.0,0.25,50.0,50.0,120.0,80.0,100.0,100.0,100.0,"{'price_trend_score': 50, 'moving_average_signal_score': 50, 'trend_strength_score': 40, 'rsi_signal_score': 50, 'macd_signal_score': 40, 'momentum_score_score': 40, 'volume_trend_score': 50, 'volume_price_trend_score': 50, 'volatility_signal_score': 60, 'bollinger_position_score': 50}",0,False
ALGN,47.2,HOLD,LOW,100.0,50.0,0.0,0.0,0.0,0.0,0.0,1.0,0.25,50.0,50.0,120.0,80.0,100.0,100.0,100.0,"{'price_trend_score': 50, 'moving_average_signal_score': 50, 'trend_strength_score': 40, 'rsi_signal_score': 50, 'macd_signal_score': 40, 'momentum_score_score': 40, 'volume_trend_score': 50, 'volume_price_trend_score': 50, 'volatility_signal_score': 60, 'bollinger_position_score': 50}",0,False
OKTA,47.2,HOLD,LOW,100.0,50.0,0.0,0.0,0.0,0.0,0.0,1.0,0.25,50.0,50.0,120.0,80.0,100.0,100.0,100.0,"{'price_trend_score': 50, 'moving_average_signal_score': 50, 'trend_strength_score': 40, 'rsi_signal_score': 50, 'macd_signal_score': 40, 'momentum_score_score': 40, 'volume_trend_score': 50, 'volume_price_trend_score': 50, 'volatility_signal_score': 60, 'bollinger_position_score': 50}",0,False
DOCU,47.2,HOLD,LOW,100.0,50.0,0.0,0.0,0.0,0.0,0.0,1.0,0.25,50.0,50.0,120.0,80.0,100.0,100.0,100.0,"{'price_trend_score': 50, 'moving_average_signal_score': 50, 'trend_strength_score': 40, 'rsi_signal_score': 50, 'macd_signal_score': 40, 'momentum_score_score': 40, 'volume_trend_score': 50, 'volume_price_trend_score': 50, 'volatility_signal_score': 60, 'bollinger_position_score': 50}",0,False
PTON,47.2,HOLD,LOW,100.0,50.0,0.0,0.0,0.0,0.0,0.0,1.0,0.25,50.0,50.0,120.0,80.0,100.0,100.0,100.0,"{'price_trend_score': 50, 'moving_average_signal_score': 50, 'trend_strength_score': 40, 'rsi_signal_score': 50, 'macd_signal_score': 40, 'momentum_score_score': 40, 'volume_trend_score': 50, 'volume_price_trend_score': 50, 'volatility_signal_score': 60, 'bollinger_position_score': 50}",0,False
CRSP,47.2,HOLD,LOW,100.0,50.0,0.0,0.0,0.0,0.0,0.0,1.0,0.25,50.0,50.0,120.0,80.0,100.0,100.0,100.0,"{'price_trend_score': 50, 'moving_average_signal_score': 50, 'trend_strength_score': 40, 'rsi_signal_score': 50, 'macd_signal_score': 40, 'momentum_score_score': 40, 'volume_trend_score': 50, 'volume_price_trend_score': 50, 'volatility_signal_score': 60, 'bollinger_position_score': 50}",0,False
BMRN,47.2,HOLD,LOW,100.0,50.0,0.0,0.0,0.0,0.0,0.0,1.0,0.25,50.0,50.0,120.0,80.0,100.0,100.0,100.0,"{'price_trend_score': 50, 'moving_average_signal_score': 50, 'trend_strength_score': 40, 'rsi_signal_score': 50, 'macd_signal_score': 40, 'momentum_score_score': 40, 'volume_trend_score': 50, 'volume_price_trend_score': 50, 'volatility_signal_score': 60, 'bollinger_position_score': 50}",0,False
SGEN,47.2,HOLD,LOW,100.0,50.0,0.0,0.0,0.0,0.0,0.0,1.0,0.25,50.0,50.0,120.0,80.0,100.0,100.0,100.0,"{'price_trend_score': 50, 'moving_average_signal_score': 50, 'trend_strength_score': 40, 'rsi_signal_score': 50, 'macd_signal_score': 40, 'momentum_score_score': 40, 'volume_trend_score': 50, 'volume_price_trend_score': 50, 'volatility_signal_score': 60, 'bollinger_position_score': 50}",0,False
BILL,47.2,HOLD,LOW,100.0,50.0,0.0,0.0,0.0,0.0,0.0,1.0,0.25,50.0,50.0,120.0,80.0,100.0,100.0,100.0,"{'price_trend_score': 50, 'moving_average_signal_score': 50, 'trend_strength_score': 40, 'rsi_signal_score': 50, 'macd_signal_score': 40, 'momentum_score_score': 40, 'volume_trend_score': 50, 'volume_price_trend_score': 50, 'volatility_signal_score': 60, 'bollinger_position_score': 50}",0,False
EXPE,47.2,HOLD,LOW,100.0,50.0,0.0,0.0,0.0,0.0,0.0,1.0,0.25,50.0,50.0,120.0,80.0,100.0,100.0,100.0,"{'price_trend_score': 50, 'moving_average_signal_score': 50, 'trend_strength_score': 40, 'rsi_signal_score': 50, 'macd_signal_score': 40, 'momentum_score_score': 40, 'volume_trend_score': 50, 'volume_price_trend_score': 50, 'volatility_signal_score': 60, 'bollinger_position_score': 50}",0,False
ROKU,47.2,HOLD,LOW,100.0,50.0,0.0,0.0,0.0,0.0,0.0,1.0,0.25,50.0,50.0,120.0,80.0,100.0,100.0,100.0,"{'price_trend_score': 50, 'moving_average_signal_score': 50, 'trend_strength_score': 40, 'rsi_signal_score': 50, 'macd_signal_score': 40, 'momentum_score_score': 40, 'volume_trend_score': 50, 'volume_price_trend_score': 50, 'volatility_signal_score': 60, 'bollinger_position_score': 50}",0,False
ZS,47.2,HOLD,LOW,100.0,50.0,0.0,0.0,0.0,0.0,0.0,1.0,0.25,50.0,50.0,120.0,80.0,100.0,100.0,100.0,"{'price_trend_score': 50, 'moving_average_signal_score': 50, 'trend_strength_score': 40, 'rsi_signal_score': 50, 'macd_signal_score': 40, 'momentum_score_score': 40, 'volume_trend_score': 50, 'volume_price_trend_score': 50, 'volatility_signal_score': 60, 'bollinger_position_score': 50}",0,False
ANSS,47.2,HOLD,LOW,100.0,50.0,0.0,0.0,0.0,0.0,0.0,1.0,0.25,50.0,50.0,120.0,80.0,100.0,100.0,100.0,"{'price_trend_score': 50, 'moving_average_signal_score': 50, 'trend_strength_score': 40, 'rsi_signal_score': 50, 'macd_signal_score': 40, 'momentum_score_score': 40, 'volume_trend_score': 50, 'volume_price_trend_score': 50, 'volatility_signal_score': 60, 'bollinger_position_score': 50}",0,False
FAST,47.2,HOLD,LOW,100.0,50.0,0.0,0.0,0.0,0.0,0.0,1.0,0.25,50.0,50.0,120.0,80.0,100.0,100.0,100.0,"{'price_trend_score': 50, 'moving_average_signal_score': 50, 'trend_strength_score': 40, 'rsi_signal_score': 50, 'macd_signal_score': 40, 'momentum_score_score': 40, 'volume_trend_score': 50, 'volume_price_trend_score': 50, 'volatility_signal_score': 60, 'bollinger_position_score': 50}",0,False
TTWO,47.2,HOLD,LOW,100.0,50.0,0.0,0.0,0.0,0.0,0.0,1.0,0.25,50.0,50.0,120.0,80.0,100.0,100.0,100.0,"{'price_trend_score': 50, 'moving_average_signal_score': 50, 'trend_strength_score': 40, 'rsi_signal_score': 50, 'macd_signal_score': 40, 'momentum_score_score': 40, 'volume_trend_score': 50, 'volume_price_trend_score': 50, 'volatility_signal_score': 60, 'bollinger_position_score': 50}",0,False
MNST,47.2,HOLD,LOW,100.0,50.0,0.0,0.0,0.0,0.0,0.0,1.0,0.25,50.0,50.0,120.0,80.0,100.0,100.0,100.0,"{'price_trend_score': 50, 'moving_average_signal_score': 50, 'trend_strength_score': 40, 'rsi_signal_score': 50, 'macd_signal_score': 40, 'momentum_score_score': 40, 'volume_trend_score': 50, 'volume_price_trend_score': 50, 'volatility_signal_score': 60, 'bollinger_position_score': 50}",0,False
PAYX,47.2,HOLD,LOW,100.0,50.0,0.0,0.0,0.0,0.0,0.0,1.0,0.25,50.0,50.0,120.0,80.0,100.0,100.0,100.0,"{'price_trend_score': 50, 'moving_average_signal_score': 50, 'trend_strength_score': 40, 'rsi_signal_score': 50, 'macd_signal_score': 40, 'momentum_score_score': 40, 'volume_trend_score': 50, 'volume_price_trend_score': 50, 'volatility_signal_score': 60, 'bollinger_position_score': 50}",0,False
ODFL,47.2,HOLD,LOW,100.0,50.0,0.0,0.0,0.0,0.0,0.0,1.0,0.25,50.0,50.0,120.0,80.0,100.0,100.0,100.0,"{'price_trend_score': 50, 'moving_average_signal_score': 50, 'trend_strength_score': 40, 'rsi_signal_score': 50, 'macd_signal_score': 40, 'momentum_score_score': 40, 'volume_trend_score': 50, 'volume_price_trend_score': 50, 'volatility_signal_score': 60, 'bollinger_position_score': 50}",0,False
DDOG,47.2,HOLD,LOW,100.0,50.0,0.0,0.0,0.0,0.0,0.0,1.0,0.25,50.0,50.0,120.0,80.0,100.0,100.0,100.0,"{'price_trend_score': 50, 'moving_average_signal_score': 50, 'trend_strength_score': 40, 'rsi_signal_score': 50, 'macd_signal_score': 40, 'momentum_score_score': 40, 'volume_trend_score': 50, 'volume_price_trend_score': 50, 'volatility_signal_score': 60, 'bollinger_position_score': 50}",0,False
EA,47.2,HOLD,LOW,100.0,50.0,0.0,0.0,0.0,0.0,0.0,1.0,0.25,50.0,50.0,120.0,80.0,100.0,100.0,100.0,"{'price_trend_score': 50, 'moving_average_signal_score': 50, 'trend_strength_score': 40, 'rsi_signal_score': 50, 'macd_signal_score': 40, 'momentum_score_score': 40, 'volume_trend_score': 50, 'volume_price_trend_score': 50, 'volatility_signal_score': 60, 'bollinger_position_score': 50}",0,False
XEL,47.2,HOLD,LOW,100.0,50.0,0.0,0.0,0.0,0.0,0.0,1.0,0.25,50.0,50.0,120.0,80.0,100.0,100.0,100.0,"{'price_trend_score': 50, 'moving_average_signal_score': 50, 'trend_strength_score': 40, 'rsi_signal_score': 50, 'macd_signal_score': 40, 'momentum_score_score': 40, 'volume_trend_score': 50, 'volume_price_trend_score': 50, 'volatility_signal_score': 60, 'bollinger_position_score': 50}",0,False
ROST,47.2,HOLD,LOW,100.0,50.0,0.0,0.0,0.0,0.0,0.0,1.0,0.25,50.0,50.0,120.0,80.0,100.0,100.0,100.0,"{'price_trend_score': 50, 'moving_average_signal_score': 50, 'trend_strength_score': 40, 'rsi_signal_score': 50, 'macd_signal_score': 40, 'momentum_score_score': 40, 'volume_trend_score': 50, 'volume_price_trend_score': 50, 'volatility_signal_score': 60, 'bollinger_position_score': 50}",0,False
BKR,47.2,HOLD,LOW,100.0,50.0,0.0,0.0,0.0,0.0,0.0,1.0,0.25,50.0,50.0,120.0,80.0,100.0,100.0,100.0,"{'price_trend_score': 50, 'moving_average_signal_score': 50, 'trend_strength_score': 40, 'rsi_signal_score': 50, 'macd_signal_score': 40, 'momentum_score_score': 40, 'volume_trend_score': 50, 'volume_price_trend_score': 50, 'volatility_signal_score': 60, 'bollinger_position_score': 50}",0,False
VRSK,47.2,HOLD,LOW,100.0,50.0,0.0,0.0,0.0,0.0,0.0,1.0,0.25,50.0,50.0,120.0,80.0,100.0,100.0,100.0,"{'price_trend_score': 50, 'moving_average_signal_score': 50, 'trend_strength_score': 40, 'rsi_signal_score': 50, 'macd_signal_score': 40, 'momentum_score_score': 40, 'volume_trend_score': 50, 'volume_price_trend_score': 50, 'volatility_signal_score': 60, 'bollinger_position_score': 50}",0,False
KDP,47.2,HOLD,LOW,100.0,50.0,0.0,0.0,0.0,0.0,0.0,1.0,0.25,50.0,50.0,120.0,80.0,100.0,100.0,100.0,"{'price_trend_score': 50, 'moving_average_signal_score': 50, 'trend_strength_score': 40, 'rsi_signal_score': 50, 'macd_signal_score': 40, 'momentum_score_score': 40, 'volume_trend_score': 50, 'volume_price_trend_score': 50, 'volatility_signal_score': 60, 'bollinger_position_score': 50}",0,False
EXC,47.2,HOLD,LOW,100.0,50.0,0.0,0.0,0.0,0.0,0.0,1.0,0.25,50.0,50.0,120.0,80.0,100.0,100.0,100.0,"{'price_trend_score': 50, 'moving_average_signal_score': 50, 'trend_strength_score': 40, 'rsi_signal_score': 50, 'macd_signal_score': 40, 'momentum_score_score': 40, 'volume_trend_score': 50, 'volume_price_trend_score': 50, 'volatility_signal_score': 60, 'bollinger_position_score': 50}",0,False
GEHC,47.2,HOLD,LOW,100.0,50.0,0.0,0.0,0.0,0.0,0.0,1.0,0.25,50.0,50.0,120.0,80.0,100.0,100.0,100.0,"{'price_trend_score': 50, 'moving_average_signal_score': 50, 'trend_strength_score': 40, 'rsi_signal_score': 50, 'macd_signal_score': 40, 'momentum_score_score': 40, 'volume_trend_score': 50, 'volume_price_trend_score': 50, 'volatility_signal_score': 60, 'bollinger_position_score': 50}",0,False
CSGP,47.2,HOLD,LOW,100.0,50.0,0.0,0.0,0.0,0.0,0.0,1.0,0.25,50.0,50.0,120.0,80.0,100.0,100.0,100.0,"{'price_trend_score': 50, 'moving_average_signal_score': 50, 'trend_strength_score': 40, 'rsi_signal_score': 50, 'macd_signal_score': 40, 'momentum_score_score': 40, 'volume_trend_score': 50, 'volume_price_trend_score': 50, 'volatility_signal_score': 60, 'bollinger_position_score': 50}",0,False
TEAM,47.2,HOLD,LOW,100.0,50.0,0.0,0.0,0.0,0.0,0.0,1.0,0.25,50.0,50.0,120.0,80.0,100.0,100.0,100.0,"{'price_trend_score': 50, 'moving_average_signal_score': 50, 'trend_strength_score': 40, 'rsi_signal_score': 50, 'macd_signal_score': 40, 'momentum_score_score': 40, 'volume_trend_score': 50, 'volume_price_trend_score': 50, 'volatility_signal_score': 60, 'bollinger_position_score': 50}",0,False
KHC,47.2,HOLD,LOW,100.0,50.0,0.0,0.0,0.0,0.0,0.0,1.0,0.25,50.0,50.0,120.0,80.0,100.0,100.0,100.0,"{'price_trend_score': 50, 'moving_average_signal_score': 50, 'trend_strength_score': 40, 'rsi_signal_score': 50, 'macd_signal_score': 40, 'momentum_score_score': 40, 'volume_trend_score': 50, 'volume_price_trend_score': 50, 'volatility_signal_score': 60, 'bollinger_position_score': 50}",0,False
AEP,47.2,HOLD,LOW,100.0,50.0,0.0,0.0,0.0,0.0,0.0,1.0,0.25,50.0,50.0,120.0,80.0,100.0,100.0,100.0,"{'price_trend_score': 50, 'moving_average_signal_score': 50, 'trend_strength_score': 40, 'rsi_signal_score': 50, 'macd_signal_score': 40, 'momentum_score_score': 40, 'volume_trend_score': 50, 'volume_price_trend_score': 50, 'volatility_signal_score': 60, 'bollinger_position_score': 50}",0,False
CTSH,47.2,HOLD,LOW,100.0,50.0,0.0,0.0,0.0,0.0,0.0,1.0,0.25,50.0,50.0,120.0,80.0,100.0,100.0,100.0,"{'price_trend_score': 50, 'moving_average_signal_score': 50, 'trend_strength_score': 40, 'rsi_signal_score': 50, 'macd_signal_score': 40, 'momentum_score_score': 40, 'volume_trend_score': 50, 'volume_price_trend_score': 50, 'volatility_signal_score': 60, 'bollinger_position_score': 50}",0,False
FANG,47.2,HOLD,LOW,100.0,50.0,0.0,0.0,0.0,0.0,0.0,1.0,0.25,50.0,50.0,120.0,80.0,100.0,100.0,100.0,"{'price_trend_score': 50, 'moving_average_signal_score': 50, 'trend_strength_score': 40, 'rsi_signal_score': 50, 'macd_signal_score': 40, 'momentum_score_score': 40, 'volume_trend_score': 50, 'volume_price_trend_score': 50, 'volatility_signal_score': 60, 'bollinger_position_score': 50}",0,False
DXCM,47.2,HOLD,LOW,100.0,50.0,0.0,0.0,0.0,0.0,0.0,1.0,0.25,50.0,50.0,120.0,80.0,100.0,100.0,100.0,"{'price_trend_score': 50, 'moving_average_signal_score': 50, 'trend_strength_score': 40, 'rsi_signal_score': 50, 'macd_signal_score': 40, 'momentum_score_score': 40, 'volume_trend_score': 50, 'volume_price_trend_score': 50, 'volatility_signal_score': 60, 'bollinger_position_score': 50}",0,False
ON,47.2,HOLD,LOW,100.0,50.0,0.0,0.0,0.0,0.0,0.0,1.0,0.25,50.0,50.0,120.0,80.0,100.0,100.0,100.0,"{'price_trend_score': 50, 'moving_average_signal_score': 50, 'trend_strength_score': 40, 'rsi_signal_score': 50, 'macd_signal_score': 40, 'momentum_score_score': 40, 'volume_trend_score': 50, 'volume_price_trend_score': 50, 'volatility_signal_score': 60, 'bollinger_position_score': 50}",0,False
CCEP,47.2,HOLD,LOW,100.0,50.0,0.0,0.0,0.0,0.0,0.0,1.0,0.25,50.0,50.0,120.0,80.0,100.0,100.0,100.0,"{'price_trend_score': 50, 'moving_average_signal_score': 50, 'trend_strength_score': 40, 'rsi_signal_score': 50, 'macd_signal_score': 40, 'momentum_score_score': 40, 'volume_trend_score': 50, 'volume_price_trend_score': 50, 'volatility_signal_score': 60, 'bollinger_position_score': 50}",0,False
BITF,47.2,HOLD,LOW,100.0,50.0,0.0,0.0,0.0,0.0,0.0,1.0,0.25,50.0,50.0,120.0,80.0,100.0,100.0,100.0,"{'price_trend_score': 50, 'moving_average_signal_score': 50, 'trend_strength_score': 40, 'rsi_signal_score': 50, 'macd_signal_score': 40, 'momentum_score_score': 40, 'volume_trend_score': 50, 'volume_price_trend_score': 50, 'volatility_signal_score': 60, 'bollinger_position_score': 50}",0,False
