ticker,valuation_score,trading_signal,confidence,sector,industry,market_cap,current_price,pe_ratio,pb_ratio,ps_ratio,peg_ratio,ev_ebitda,ev_sales,dividend_yield,fcf_yield,earnings_yield,position_52w,upside_to_target,graham_number,graham_discount,beta,individual_scores,data_completeness,success
MSFT,61.2,HOLD,LOW,Unknown,Unknown,1000000000.0,100.0,20.0,2.5,4.0,1.5,15.0,4.0,2.0,5.0,5.0,50.0,10.0,100.0,0.0,1.0,"{'pe_ratio_score': 40, 'forward_pe_score': 60, 'pb_ratio_score': 60, 'ps_ratio_score': 60, 'peg_ratio_score': 60, 'ev_ebitda_score': 60, 'ev_sales_score': 100, 'ev_fcf_score': 40, 'dividend_yield_score': 60, 'fcf_yield_score': 80, 'earnings_yield_score': 80}",100.0,False
EXPEDIA,61.2,HOLD,LOW,Unknown,Unknown,1000000000.0,100.0,20.0,2.5,4.0,1.5,15.0,4.0,2.0,5.0,5.0,50.0,10.0,100.0,0.0,1.0,"{'pe_ratio_score': 40, 'forward_pe_score': 60, 'pb_ratio_score': 60, 'ps_ratio_score': 60, 'peg_ratio_score': 60, 'ev_ebitda_score': 60, 'ev_sales_score': 100, 'ev_fcf_score': 40, 'dividend_yield_score': 60, 'fcf_yield_score': 80, 'earnings_yield_score': 80}",100.0,False
CELG,61.2,HOLD,LOW,Unknown,Unknown,1000000000.0,100.0,20.0,2.5,4.0,1.5,15.0,4.0,2.0,5.0,5.0,50.0,10.0,100.0,0.0,1.0,"{'pe_ratio_score': 40, 'forward_pe_score': 60, 'pb_ratio_score': 60, 'ps_ratio_score': 60, 'peg_ratio_score': 60, 'ev_ebitda_score': 60, 'ev_sales_score': 100, 'ev_fcf_score': 40, 'dividend_yield_score': 60, 'fcf_yield_score': 80, 'earnings_yield_score': 80}",100.0,False
CRUS,61.2,HOLD,LOW,Unknown,Unknown,1000000000.0,100.0,20.0,2.5,4.0,1.5,15.0,4.0,2.0,5.0,5.0,50.0,10.0,100.0,0.0,1.0,"{'pe_ratio_score': 40, 'forward_pe_score': 60, 'pb_ratio_score': 60, 'ps_ratio_score': 60, 'peg_ratio_score': 60, 'ev_ebitda_score': 60, 'ev_sales_score': 100, 'ev_fcf_score': 40, 'dividend_yield_score': 60, 'fcf_yield_score': 80, 'earnings_yield_score': 80}",100.0,False
TZOO,61.2,HOLD,LOW,Unknown,Unknown,1000000000.0,100.0,20.0,2.5,4.0,1.5,15.0,4.0,2.0,5.0,5.0,50.0,10.0,100.0,0.0,1.0,"{'pe_ratio_score': 40, 'forward_pe_score': 60, 'pb_ratio_score': 60, 'ps_ratio_score': 60, 'peg_ratio_score': 60, 'ev_ebitda_score': 60, 'ev_sales_score': 100, 'ev_fcf_score': 40, 'dividend_yield_score': 60, 'fcf_yield_score': 80, 'earnings_yield_score': 80}",100.0,False
NOW,61.2,HOLD,LOW,Unknown,Unknown,1000000000.0,100.0,20.0,2.5,4.0,1.5,15.0,4.0,2.0,5.0,5.0,50.0,10.0,100.0,0.0,1.0,"{'pe_ratio_score': 40, 'forward_pe_score': 60, 'pb_ratio_score': 60, 'ps_ratio_score': 60, 'peg_ratio_score': 60, 'ev_ebitda_score': 60, 'ev_sales_score': 100, 'ev_fcf_score': 40, 'dividend_yield_score': 60, 'fcf_yield_score': 80, 'earnings_yield_score': 80}",100.0,False
XEL,61.2,HOLD,LOW,Unknown,Unknown,1000000000.0,100.0,20.0,2.5,4.0,1.5,15.0,4.0,2.0,5.0,5.0,50.0,10.0,100.0,0.0,1.0,"{'pe_ratio_score': 40, 'forward_pe_score': 60, 'pb_ratio_score': 60, 'ps_ratio_score': 60, 'peg_ratio_score': 60, 'ev_ebitda_score': 60, 'ev_sales_score': 100, 'ev_fcf_score': 40, 'dividend_yield_score': 60, 'fcf_yield_score': 80, 'earnings_yield_score': 80}",100.0,False
CVS,61.2,HOLD,LOW,Unknown,Unknown,1000000000.0,100.0,20.0,2.5,4.0,1.5,15.0,4.0,2.0,5.0,5.0,50.0,10.0,100.0,0.0,1.0,"{'pe_ratio_score': 40, 'forward_pe_score': 60, 'pb_ratio_score': 60, 'ps_ratio_score': 60, 'peg_ratio_score': 60, 'ev_ebitda_score': 60, 'ev_sales_score': 100, 'ev_fcf_score': 40, 'dividend_yield_score': 60, 'fcf_yield_score': 80, 'earnings_yield_score': 80}",100.0,False
CGC,61.2,HOLD,LOW,Unknown,Unknown,1000000000.0,100.0,20.0,2.5,4.0,1.5,15.0,4.0,2.0,5.0,5.0,50.0,10.0,100.0,0.0,1.0,"{'pe_ratio_score': 40, 'forward_pe_score': 60, 'pb_ratio_score': 60, 'ps_ratio_score': 60, 'peg_ratio_score': 60, 'ev_ebitda_score': 60, 'ev_sales_score': 100, 'ev_fcf_score': 40, 'dividend_yield_score': 60, 'fcf_yield_score': 80, 'earnings_yield_score': 80}",100.0,False
EXC,61.2,HOLD,LOW,Unknown,Unknown,1000000000.0,100.0,20.0,2.5,4.0,1.5,15.0,4.0,2.0,5.0,5.0,50.0,10.0,100.0,0.0,1.0,"{'pe_ratio_score': 40, 'forward_pe_score': 60, 'pb_ratio_score': 60, 'ps_ratio_score': 60, 'peg_ratio_score': 60, 'ev_ebitda_score': 60, 'ev_sales_score': 100, 'ev_fcf_score': 40, 'dividend_yield_score': 60, 'fcf_yield_score': 80, 'earnings_yield_score': 80}",100.0,False
DDOG,61.2,HOLD,LOW,Unknown,Unknown,1000000000.0,100.0,20.0,2.5,4.0,1.5,15.0,4.0,2.0,5.0,5.0,50.0,10.0,100.0,0.0,1.0,"{'pe_ratio_score': 40, 'forward_pe_score': 60, 'pb_ratio_score': 60, 'ps_ratio_score': 60, 'peg_ratio_score': 60, 'ev_ebitda_score': 60, 'ev_sales_score': 100, 'ev_fcf_score': 40, 'dividend_yield_score': 60, 'fcf_yield_score': 80, 'earnings_yield_score': 80}",100.0,False
MSTR,61.2,HOLD,LOW,Unknown,Unknown,1000000000.0,100.0,20.0,2.5,4.0,1.5,15.0,4.0,2.0,5.0,5.0,50.0,10.0,100.0,0.0,1.0,"{'pe_ratio_score': 40, 'forward_pe_score': 60, 'pb_ratio_score': 60, 'ps_ratio_score': 60, 'peg_ratio_score': 60, 'ev_ebitda_score': 60, 'ev_sales_score': 100, 'ev_fcf_score': 40, 'dividend_yield_score': 60, 'fcf_yield_score': 80, 'earnings_yield_score': 80}",100.0,False
MOH,61.2,HOLD,LOW,Unknown,Unknown,1000000000.0,100.0,20.0,2.5,4.0,1.5,15.0,4.0,2.0,5.0,5.0,50.0,10.0,100.0,0.0,1.0,"{'pe_ratio_score': 40, 'forward_pe_score': 60, 'pb_ratio_score': 60, 'ps_ratio_score': 60, 'peg_ratio_score': 60, 'ev_ebitda_score': 60, 'ev_sales_score': 100, 'ev_fcf_score': 40, 'dividend_yield_score': 60, 'fcf_yield_score': 80, 'earnings_yield_score': 80}",100.0,False
TSLA,61.2,HOLD,LOW,Unknown,Unknown,1000000000.0,100.0,20.0,2.5,4.0,1.5,15.0,4.0,2.0,5.0,5.0,50.0,10.0,100.0,0.0,1.0,"{'pe_ratio_score': 40, 'forward_pe_score': 60, 'pb_ratio_score': 60, 'ps_ratio_score': 60, 'peg_ratio_score': 60, 'ev_ebitda_score': 60, 'ev_sales_score': 100, 'ev_fcf_score': 40, 'dividend_yield_score': 60, 'fcf_yield_score': 80, 'earnings_yield_score': 80}",100.0,False
NIO,61.2,HOLD,LOW,Unknown,Unknown,1000000000.0,100.0,20.0,2.5,4.0,1.5,15.0,4.0,2.0,5.0,5.0,50.0,10.0,100.0,0.0,1.0,"{'pe_ratio_score': 40, 'forward_pe_score': 60, 'pb_ratio_score': 60, 'ps_ratio_score': 60, 'peg_ratio_score': 60, 'ev_ebitda_score': 60, 'ev_sales_score': 100, 'ev_fcf_score': 40, 'dividend_yield_score': 60, 'fcf_yield_score': 80, 'earnings_yield_score': 80}",100.0,False
BKNG,61.2,HOLD,LOW,Unknown,Unknown,1000000000.0,100.0,20.0,2.5,4.0,1.5,15.0,4.0,2.0,5.0,5.0,50.0,10.0,100.0,0.0,1.0,"{'pe_ratio_score': 40, 'forward_pe_score': 60, 'pb_ratio_score': 60, 'ps_ratio_score': 60, 'peg_ratio_score': 60, 'ev_ebitda_score': 60, 'ev_sales_score': 100, 'ev_fcf_score': 40, 'dividend_yield_score': 60, 'fcf_yield_score': 80, 'earnings_yield_score': 80}",100.0,False
NAKD,61.2,HOLD,LOW,Unknown,Unknown,1000000000.0,100.0,20.0,2.5,4.0,1.5,15.0,4.0,2.0,5.0,5.0,50.0,10.0,100.0,0.0,1.0,"{'pe_ratio_score': 40, 'forward_pe_score': 60, 'pb_ratio_score': 60, 'ps_ratio_score': 60, 'peg_ratio_score': 60, 'ev_ebitda_score': 60, 'ev_sales_score': 100, 'ev_fcf_score': 40, 'dividend_yield_score': 60, 'fcf_yield_score': 80, 'earnings_yield_score': 80}",100.0,False
KLAC,61.2,HOLD,LOW,Unknown,Unknown,1000000000.0,100.0,20.0,2.5,4.0,1.5,15.0,4.0,2.0,5.0,5.0,50.0,10.0,100.0,0.0,1.0,"{'pe_ratio_score': 40, 'forward_pe_score': 60, 'pb_ratio_score': 60, 'ps_ratio_score': 60, 'peg_ratio_score': 60, 'ev_ebitda_score': 60, 'ev_sales_score': 100, 'ev_fcf_score': 40, 'dividend_yield_score': 60, 'fcf_yield_score': 80, 'earnings_yield_score': 80}",100.0,False
BLUE,61.2,HOLD,LOW,Unknown,Unknown,1000000000.0,100.0,20.0,2.5,4.0,1.5,15.0,4.0,2.0,5.0,5.0,50.0,10.0,100.0,0.0,1.0,"{'pe_ratio_score': 40, 'forward_pe_score': 60, 'pb_ratio_score': 60, 'ps_ratio_score': 60, 'peg_ratio_score': 60, 'ev_ebitda_score': 60, 'ev_sales_score': 100, 'ev_fcf_score': 40, 'dividend_yield_score': 60, 'fcf_yield_score': 80, 'earnings_yield_score': 80}",100.0,False
ROKU,61.2,HOLD,LOW,Unknown,Unknown,1000000000.0,100.0,20.0,2.5,4.0,1.5,15.0,4.0,2.0,5.0,5.0,50.0,10.0,100.0,0.0,1.0,"{'pe_ratio_score': 40, 'forward_pe_score': 60, 'pb_ratio_score': 60, 'ps_ratio_score': 60, 'peg_ratio_score': 60, 'ev_ebitda_score': 60, 'ev_sales_score': 100, 'ev_fcf_score': 40, 'dividend_yield_score': 60, 'fcf_yield_score': 80, 'earnings_yield_score': 80}",100.0,False
PSA,61.2,HOLD,LOW,Unknown,Unknown,1000000000.0,100.0,20.0,2.5,4.0,1.5,15.0,4.0,2.0,5.0,5.0,50.0,10.0,100.0,0.0,1.0,"{'pe_ratio_score': 40, 'forward_pe_score': 60, 'pb_ratio_score': 60, 'ps_ratio_score': 60, 'peg_ratio_score': 60, 'ev_ebitda_score': 60, 'ev_sales_score': 100, 'ev_fcf_score': 40, 'dividend_yield_score': 60, 'fcf_yield_score': 80, 'earnings_yield_score': 80}",100.0,False
MSFT,61.2,HOLD,LOW,Unknown,Unknown,1000000000.0,100.0,20.0,2.5,4.0,1.5,15.0,4.0,2.0,5.0,5.0,50.0,10.0,100.0,0.0,1.0,"{'pe_ratio_score': 40, 'forward_pe_score': 60, 'pb_ratio_score': 60, 'ps_ratio_score': 60, 'peg_ratio_score': 60, 'ev_ebitda_score': 60, 'ev_sales_score': 100, 'ev_fcf_score': 40, 'dividend_yield_score': 60, 'fcf_yield_score': 80, 'earnings_yield_score': 80}",100.0,False
UNH,61.2,HOLD,LOW,Unknown,Unknown,1000000000.0,100.0,20.0,2.5,4.0,1.5,15.0,4.0,2.0,5.0,5.0,50.0,10.0,100.0,0.0,1.0,"{'pe_ratio_score': 40, 'forward_pe_score': 60, 'pb_ratio_score': 60, 'ps_ratio_score': 60, 'peg_ratio_score': 60, 'ev_ebitda_score': 60, 'ev_sales_score': 100, 'ev_fcf_score': 40, 'dividend_yield_score': 60, 'fcf_yield_score': 80, 'earnings_yield_score': 80}",100.0,False
O,61.2,HOLD,LOW,Unknown,Unknown,1000000000.0,100.0,20.0,2.5,4.0,1.5,15.0,4.0,2.0,5.0,5.0,50.0,10.0,100.0,0.0,1.0,"{'pe_ratio_score': 40, 'forward_pe_score': 60, 'pb_ratio_score': 60, 'ps_ratio_score': 60, 'peg_ratio_score': 60, 'ev_ebitda_score': 60, 'ev_sales_score': 100, 'ev_fcf_score': 40, 'dividend_yield_score': 60, 'fcf_yield_score': 80, 'earnings_yield_score': 80}",100.0,False
INTC,61.2,HOLD,LOW,Unknown,Unknown,1000000000.0,100.0,20.0,2.5,4.0,1.5,15.0,4.0,2.0,5.0,5.0,50.0,10.0,100.0,0.0,1.0,"{'pe_ratio_score': 40, 'forward_pe_score': 60, 'pb_ratio_score': 60, 'ps_ratio_score': 60, 'peg_ratio_score': 60, 'ev_ebitda_score': 60, 'ev_sales_score': 100, 'ev_fcf_score': 40, 'dividend_yield_score': 60, 'fcf_yield_score': 80, 'earnings_yield_score': 80}",100.0,False
QCOM,61.2,HOLD,LOW,Unknown,Unknown,1000000000.0,100.0,20.0,2.5,4.0,1.5,15.0,4.0,2.0,5.0,5.0,50.0,10.0,100.0,0.0,1.0,"{'pe_ratio_score': 40, 'forward_pe_score': 60, 'pb_ratio_score': 60, 'ps_ratio_score': 60, 'peg_ratio_score': 60, 'ev_ebitda_score': 60, 'ev_sales_score': 100, 'ev_fcf_score': 40, 'dividend_yield_score': 60, 'fcf_yield_score': 80, 'earnings_yield_score': 80}",100.0,False
RIOT,61.2,HOLD,LOW,Unknown,Unknown,1000000000.0,100.0,20.0,2.5,4.0,1.5,15.0,4.0,2.0,5.0,5.0,50.0,10.0,100.0,0.0,1.0,"{'pe_ratio_score': 40, 'forward_pe_score': 60, 'pb_ratio_score': 60, 'ps_ratio_score': 60, 'peg_ratio_score': 60, 'ev_ebitda_score': 60, 'ev_sales_score': 100, 'ev_fcf_score': 40, 'dividend_yield_score': 60, 'fcf_yield_score': 80, 'earnings_yield_score': 80}",100.0,False
FLWS,61.2,HOLD,LOW,Unknown,Unknown,1000000000.0,100.0,20.0,2.5,4.0,1.5,15.0,4.0,2.0,5.0,5.0,50.0,10.0,100.0,0.0,1.0,"{'pe_ratio_score': 40, 'forward_pe_score': 60, 'pb_ratio_score': 60, 'ps_ratio_score': 60, 'peg_ratio_score': 60, 'ev_ebitda_score': 60, 'ev_sales_score': 100, 'ev_fcf_score': 40, 'dividend_yield_score': 60, 'fcf_yield_score': 80, 'earnings_yield_score': 80}",100.0,False
ECOM,61.2,HOLD,LOW,Unknown,Unknown,1000000000.0,100.0,20.0,2.5,4.0,1.5,15.0,4.0,2.0,5.0,5.0,50.0,10.0,100.0,0.0,1.0,"{'pe_ratio_score': 40, 'forward_pe_score': 60, 'pb_ratio_score': 60, 'ps_ratio_score': 60, 'peg_ratio_score': 60, 'ev_ebitda_score': 60, 'ev_sales_score': 100, 'ev_fcf_score': 40, 'dividend_yield_score': 60, 'fcf_yield_score': 80, 'earnings_yield_score': 80}",100.0,False
ARKF,61.2,HOLD,LOW,Unknown,Unknown,1000000000.0,100.0,20.0,2.5,4.0,1.5,15.0,4.0,2.0,5.0,5.0,50.0,10.0,100.0,0.0,1.0,"{'pe_ratio_score': 40, 'forward_pe_score': 60, 'pb_ratio_score': 60, 'ps_ratio_score': 60, 'peg_ratio_score': 60, 'ev_ebitda_score': 60, 'ev_sales_score': 100, 'ev_fcf_score': 40, 'dividend_yield_score': 60, 'fcf_yield_score': 80, 'earnings_yield_score': 80}",100.0,False
BB,61.2,HOLD,LOW,Unknown,Unknown,1000000000.0,100.0,20.0,2.5,4.0,1.5,15.0,4.0,2.0,5.0,5.0,50.0,10.0,100.0,0.0,1.0,"{'pe_ratio_score': 40, 'forward_pe_score': 60, 'pb_ratio_score': 60, 'ps_ratio_score': 60, 'peg_ratio_score': 60, 'ev_ebitda_score': 60, 'ev_sales_score': 100, 'ev_fcf_score': 40, 'dividend_yield_score': 60, 'fcf_yield_score': 80, 'earnings_yield_score': 80}",100.0,False
HD,61.2,HOLD,LOW,Unknown,Unknown,1000000000.0,100.0,20.0,2.5,4.0,1.5,15.0,4.0,2.0,5.0,5.0,50.0,10.0,100.0,0.0,1.0,"{'pe_ratio_score': 40, 'forward_pe_score': 60, 'pb_ratio_score': 60, 'ps_ratio_score': 60, 'peg_ratio_score': 60, 'ev_ebitda_score': 60, 'ev_sales_score': 100, 'ev_fcf_score': 40, 'dividend_yield_score': 60, 'fcf_yield_score': 80, 'earnings_yield_score': 80}",100.0,False
DASH,61.2,HOLD,LOW,Unknown,Unknown,1000000000.0,100.0,20.0,2.5,4.0,1.5,15.0,4.0,2.0,5.0,5.0,50.0,10.0,100.0,0.0,1.0,"{'pe_ratio_score': 40, 'forward_pe_score': 60, 'pb_ratio_score': 60, 'ps_ratio_score': 60, 'peg_ratio_score': 60, 'ev_ebitda_score': 60, 'ev_sales_score': 100, 'ev_fcf_score': 40, 'dividend_yield_score': 60, 'fcf_yield_score': 80, 'earnings_yield_score': 80}",100.0,False
SHOP,61.2,HOLD,LOW,Unknown,Unknown,1000000000.0,100.0,20.0,2.5,4.0,1.5,15.0,4.0,2.0,5.0,5.0,50.0,10.0,100.0,0.0,1.0,"{'pe_ratio_score': 40, 'forward_pe_score': 60, 'pb_ratio_score': 60, 'ps_ratio_score': 60, 'peg_ratio_score': 60, 'ev_ebitda_score': 60, 'ev_sales_score': 100, 'ev_fcf_score': 40, 'dividend_yield_score': 60, 'fcf_yield_score': 80, 'earnings_yield_score': 80}",100.0,False
WDAY,61.2,HOLD,LOW,Unknown,Unknown,1000000000.0,100.0,20.0,2.5,4.0,1.5,15.0,4.0,2.0,5.0,5.0,50.0,10.0,100.0,0.0,1.0,"{'pe_ratio_score': 40, 'forward_pe_score': 60, 'pb_ratio_score': 60, 'ps_ratio_score': 60, 'peg_ratio_score': 60, 'ev_ebitda_score': 60, 'ev_sales_score': 100, 'ev_fcf_score': 40, 'dividend_yield_score': 60, 'fcf_yield_score': 80, 'earnings_yield_score': 80}",100.0,False
HUM,61.2,HOLD,LOW,Unknown,Unknown,1000000000.0,100.0,20.0,2.5,4.0,1.5,15.0,4.0,2.0,5.0,5.0,50.0,10.0,100.0,0.0,1.0,"{'pe_ratio_score': 40, 'forward_pe_score': 60, 'pb_ratio_score': 60, 'ps_ratio_score': 60, 'peg_ratio_score': 60, 'ev_ebitda_score': 60, 'ev_sales_score': 100, 'ev_fcf_score': 40, 'dividend_yield_score': 60, 'fcf_yield_score': 80, 'earnings_yield_score': 80}",100.0,False
WEC,61.2,HOLD,LOW,Unknown,Unknown,1000000000.0,100.0,20.0,2.5,4.0,1.5,15.0,4.0,2.0,5.0,5.0,50.0,10.0,100.0,0.0,1.0,"{'pe_ratio_score': 40, 'forward_pe_score': 60, 'pb_ratio_score': 60, 'ps_ratio_score': 60, 'peg_ratio_score': 60, 'ev_ebitda_score': 60, 'ev_sales_score': 100, 'ev_fcf_score': 40, 'dividend_yield_score': 60, 'fcf_yield_score': 80, 'earnings_yield_score': 80}",100.0,False
ARKW,61.2,HOLD,LOW,Unknown,Unknown,1000000000.0,100.0,20.0,2.5,4.0,1.5,15.0,4.0,2.0,5.0,5.0,50.0,10.0,100.0,0.0,1.0,"{'pe_ratio_score': 40, 'forward_pe_score': 60, 'pb_ratio_score': 60, 'ps_ratio_score': 60, 'peg_ratio_score': 60, 'ev_ebitda_score': 60, 'ev_sales_score': 100, 'ev_fcf_score': 40, 'dividend_yield_score': 60, 'fcf_yield_score': 80, 'earnings_yield_score': 80}",100.0,False
MCHP,61.2,HOLD,LOW,Unknown,Unknown,1000000000.0,100.0,20.0,2.5,4.0,1.5,15.0,4.0,2.0,5.0,5.0,50.0,10.0,100.0,0.0,1.0,"{'pe_ratio_score': 40, 'forward_pe_score': 60, 'pb_ratio_score': 60, 'ps_ratio_score': 60, 'peg_ratio_score': 60, 'ev_ebitda_score': 60, 'ev_sales_score': 100, 'ev_fcf_score': 40, 'dividend_yield_score': 60, 'fcf_yield_score': 80, 'earnings_yield_score': 80}",100.0,False
AMC,61.2,HOLD,LOW,Unknown,Unknown,1000000000.0,100.0,20.0,2.5,4.0,1.5,15.0,4.0,2.0,5.0,5.0,50.0,10.0,100.0,0.0,1.0,"{'pe_ratio_score': 40, 'forward_pe_score': 60, 'pb_ratio_score': 60, 'ps_ratio_score': 60, 'peg_ratio_score': 60, 'ev_ebitda_score': 60, 'ev_sales_score': 100, 'ev_fcf_score': 40, 'dividend_yield_score': 60, 'fcf_yield_score': 80, 'earnings_yield_score': 80}",100.0,False
COIN,61.2,HOLD,LOW,Unknown,Unknown,1000000000.0,100.0,20.0,2.5,4.0,1.5,15.0,4.0,2.0,5.0,5.0,50.0,10.0,100.0,0.0,1.0,"{'pe_ratio_score': 40, 'forward_pe_score': 60, 'pb_ratio_score': 60, 'ps_ratio_score': 60, 'peg_ratio_score': 60, 'ev_ebitda_score': 60, 'ev_sales_score': 100, 'ev_fcf_score': 40, 'dividend_yield_score': 60, 'fcf_yield_score': 80, 'earnings_yield_score': 80}",100.0,False
RARE,61.2,HOLD,LOW,Unknown,Unknown,1000000000.0,100.0,20.0,2.5,4.0,1.5,15.0,4.0,2.0,5.0,5.0,50.0,10.0,100.0,0.0,1.0,"{'pe_ratio_score': 40, 'forward_pe_score': 60, 'pb_ratio_score': 60, 'ps_ratio_score': 60, 'peg_ratio_score': 60, 'ev_ebitda_score': 60, 'ev_sales_score': 100, 'ev_fcf_score': 40, 'dividend_yield_score': 60, 'fcf_yield_score': 80, 'earnings_yield_score': 80}",100.0,False
IIPR,61.2,HOLD,LOW,Unknown,Unknown,1000000000.0,100.0,20.0,2.5,4.0,1.5,15.0,4.0,2.0,5.0,5.0,50.0,10.0,100.0,0.0,1.0,"{'pe_ratio_score': 40, 'forward_pe_score': 60, 'pb_ratio_score': 60, 'ps_ratio_score': 60, 'peg_ratio_score': 60, 'ev_ebitda_score': 60, 'ev_sales_score': 100, 'ev_fcf_score': 40, 'dividend_yield_score': 60, 'fcf_yield_score': 80, 'earnings_yield_score': 80}",100.0,False
TXN,61.2,HOLD,LOW,Unknown,Unknown,1000000000.0,100.0,20.0,2.5,4.0,1.5,15.0,4.0,2.0,5.0,5.0,50.0,10.0,100.0,0.0,1.0,"{'pe_ratio_score': 40, 'forward_pe_score': 60, 'pb_ratio_score': 60, 'ps_ratio_score': 60, 'peg_ratio_score': 60, 'ev_ebitda_score': 60, 'ev_sales_score': 100, 'ev_fcf_score': 40, 'dividend_yield_score': 60, 'fcf_yield_score': 80, 'earnings_yield_score': 80}",100.0,False
W,61.2,HOLD,LOW,Unknown,Unknown,1000000000.0,100.0,20.0,2.5,4.0,1.5,15.0,4.0,2.0,5.0,5.0,50.0,10.0,100.0,0.0,1.0,"{'pe_ratio_score': 40, 'forward_pe_score': 60, 'pb_ratio_score': 60, 'ps_ratio_score': 60, 'peg_ratio_score': 60, 'ev_ebitda_score': 60, 'ev_sales_score': 100, 'ev_fcf_score': 40, 'dividend_yield_score': 60, 'fcf_yield_score': 80, 'earnings_yield_score': 80}",100.0,False
CRWD,61.2,HOLD,LOW,Unknown,Unknown,1000000000.0,100.0,20.0,2.5,4.0,1.5,15.0,4.0,2.0,5.0,5.0,50.0,10.0,100.0,0.0,1.0,"{'pe_ratio_score': 40, 'forward_pe_score': 60, 'pb_ratio_score': 60, 'ps_ratio_score': 60, 'peg_ratio_score': 60, 'ev_ebitda_score': 60, 'ev_sales_score': 100, 'ev_fcf_score': 40, 'dividend_yield_score': 60, 'fcf_yield_score': 80, 'earnings_yield_score': 80}",100.0,False
EXPR,61.2,HOLD,LOW,Unknown,Unknown,1000000000.0,100.0,20.0,2.5,4.0,1.5,15.0,4.0,2.0,5.0,5.0,50.0,10.0,100.0,0.0,1.0,"{'pe_ratio_score': 40, 'forward_pe_score': 60, 'pb_ratio_score': 60, 'ps_ratio_score': 60, 'peg_ratio_score': 60, 'ev_ebitda_score': 60, 'ev_sales_score': 100, 'ev_fcf_score': 40, 'dividend_yield_score': 60, 'fcf_yield_score': 80, 'earnings_yield_score': 80}",100.0,False
AEP,61.2,HOLD,LOW,Unknown,Unknown,1000000000.0,100.0,20.0,2.5,4.0,1.5,15.0,4.0,2.0,5.0,5.0,50.0,10.0,100.0,0.0,1.0,"{'pe_ratio_score': 40, 'forward_pe_score': 60, 'pb_ratio_score': 60, 'ps_ratio_score': 60, 'peg_ratio_score': 60, 'ev_ebitda_score': 60, 'ev_sales_score': 100, 'ev_fcf_score': 40, 'dividend_yield_score': 60, 'fcf_yield_score': 80, 'earnings_yield_score': 80}",100.0,False
SPLK,61.2,HOLD,LOW,Unknown,Unknown,1000000000.0,100.0,20.0,2.5,4.0,1.5,15.0,4.0,2.0,5.0,5.0,50.0,10.0,100.0,0.0,1.0,"{'pe_ratio_score': 40, 'forward_pe_score': 60, 'pb_ratio_score': 60, 'ps_ratio_score': 60, 'peg_ratio_score': 60, 'ev_ebitda_score': 60, 'ev_sales_score': 100, 'ev_fcf_score': 40, 'dividend_yield_score': 60, 'fcf_yield_score': 80, 'earnings_yield_score': 80}",100.0,False
HUT,61.2,HOLD,LOW,Unknown,Unknown,1000000000.0,100.0,20.0,2.5,4.0,1.5,15.0,4.0,2.0,5.0,5.0,50.0,10.0,100.0,0.0,1.0,"{'pe_ratio_score': 40, 'forward_pe_score': 60, 'pb_ratio_score': 60, 'ps_ratio_score': 60, 'peg_ratio_score': 60, 'ev_ebitda_score': 60, 'ev_sales_score': 100, 'ev_fcf_score': 40, 'dividend_yield_score': 60, 'fcf_yield_score': 80, 'earnings_yield_score': 80}",100.0,False
ALXN,61.2,HOLD,LOW,Unknown,Unknown,1000000000.0,100.0,20.0,2.5,4.0,1.5,15.0,4.0,2.0,5.0,5.0,50.0,10.0,100.0,0.0,1.0,"{'pe_ratio_score': 40, 'forward_pe_score': 60, 'pb_ratio_score': 60, 'ps_ratio_score': 60, 'peg_ratio_score': 60, 'ev_ebitda_score': 60, 'ev_sales_score': 100, 'ev_fcf_score': 40, 'dividend_yield_score': 60, 'fcf_yield_score': 80, 'earnings_yield_score': 80}",100.0,False
BA,61.2,HOLD,LOW,Unknown,Unknown,1000000000.0,100.0,20.0,2.5,4.0,1.5,15.0,4.0,2.0,5.0,5.0,50.0,10.0,100.0,0.0,1.0,"{'pe_ratio_score': 40, 'forward_pe_score': 60, 'pb_ratio_score': 60, 'ps_ratio_score': 60, 'peg_ratio_score': 60, 'ev_ebitda_score': 60, 'ev_sales_score': 100, 'ev_fcf_score': 40, 'dividend_yield_score': 60, 'fcf_yield_score': 80, 'earnings_yield_score': 80}",100.0,False
ANTM,61.2,HOLD,LOW,Unknown,Unknown,1000000000.0,100.0,20.0,2.5,4.0,1.5,15.0,4.0,2.0,5.0,5.0,50.0,10.0,100.0,0.0,1.0,"{'pe_ratio_score': 40, 'forward_pe_score': 60, 'pb_ratio_score': 60, 'ps_ratio_score': 60, 'peg_ratio_score': 60, 'ev_ebitda_score': 60, 'ev_sales_score': 100, 'ev_fcf_score': 40, 'dividend_yield_score': 60, 'fcf_yield_score': 80, 'earnings_yield_score': 80}",100.0,False
AVGO,61.2,HOLD,LOW,Unknown,Unknown,1000000000.0,100.0,20.0,2.5,4.0,1.5,15.0,4.0,2.0,5.0,5.0,50.0,10.0,100.0,0.0,1.0,"{'pe_ratio_score': 40, 'forward_pe_score': 60, 'pb_ratio_score': 60, 'ps_ratio_score': 60, 'peg_ratio_score': 60, 'ev_ebitda_score': 60, 'ev_sales_score': 100, 'ev_fcf_score': 40, 'dividend_yield_score': 60, 'fcf_yield_score': 80, 'earnings_yield_score': 80}",100.0,False
ARKQ,61.2,HOLD,LOW,Unknown,Unknown,1000000000.0,100.0,20.0,2.5,4.0,1.5,15.0,4.0,2.0,5.0,5.0,50.0,10.0,100.0,0.0,1.0,"{'pe_ratio_score': 40, 'forward_pe_score': 60, 'pb_ratio_score': 60, 'ps_ratio_score': 60, 'peg_ratio_score': 60, 'ev_ebitda_score': 60, 'ev_sales_score': 100, 'ev_fcf_score': 40, 'dividend_yield_score': 60, 'fcf_yield_score': 80, 'earnings_yield_score': 80}",100.0,False
MMM,61.2,HOLD,LOW,Unknown,Unknown,1000000000.0,100.0,20.0,2.5,4.0,1.5,15.0,4.0,2.0,5.0,5.0,50.0,10.0,100.0,0.0,1.0,"{'pe_ratio_score': 40, 'forward_pe_score': 60, 'pb_ratio_score': 60, 'ps_ratio_score': 60, 'peg_ratio_score': 60, 'ev_ebitda_score': 60, 'ev_sales_score': 100, 'ev_fcf_score': 40, 'dividend_yield_score': 60, 'fcf_yield_score': 80, 'earnings_yield_score': 80}",100.0,False
OSTK,61.2,HOLD,LOW,Unknown,Unknown,1000000000.0,100.0,20.0,2.5,4.0,1.5,15.0,4.0,2.0,5.0,5.0,50.0,10.0,100.0,0.0,1.0,"{'pe_ratio_score': 40, 'forward_pe_score': 60, 'pb_ratio_score': 60, 'ps_ratio_score': 60, 'peg_ratio_score': 60, 'ev_ebitda_score': 60, 'ev_sales_score': 100, 'ev_fcf_score': 40, 'dividend_yield_score': 60, 'fcf_yield_score': 80, 'earnings_yield_score': 80}",100.0,False
NKE,61.2,HOLD,LOW,Unknown,Unknown,1000000000.0,100.0,20.0,2.5,4.0,1.5,15.0,4.0,2.0,5.0,5.0,50.0,10.0,100.0,0.0,1.0,"{'pe_ratio_score': 40, 'forward_pe_score': 60, 'pb_ratio_score': 60, 'ps_ratio_score': 60, 'peg_ratio_score': 60, 'ev_ebitda_score': 60, 'ev_sales_score': 100, 'ev_fcf_score': 40, 'dividend_yield_score': 60, 'fcf_yield_score': 80, 'earnings_yield_score': 80}",100.0,False
SWKS,61.2,HOLD,LOW,Unknown,Unknown,1000000000.0,100.0,20.0,2.5,4.0,1.5,15.0,4.0,2.0,5.0,5.0,50.0,10.0,100.0,0.0,1.0,"{'pe_ratio_score': 40, 'forward_pe_score': 60, 'pb_ratio_score': 60, 'ps_ratio_score': 60, 'peg_ratio_score': 60, 'ev_ebitda_score': 60, 'ev_sales_score': 100, 'ev_fcf_score': 40, 'dividend_yield_score': 60, 'fcf_yield_score': 80, 'earnings_yield_score': 80}",100.0,False
WCG,61.2,HOLD,LOW,Unknown,Unknown,1000000000.0,100.0,20.0,2.5,4.0,1.5,15.0,4.0,2.0,5.0,5.0,50.0,10.0,100.0,0.0,1.0,"{'pe_ratio_score': 40, 'forward_pe_score': 60, 'pb_ratio_score': 60, 'ps_ratio_score': 60, 'peg_ratio_score': 60, 'ev_ebitda_score': 60, 'ev_sales_score': 100, 'ev_fcf_score': 40, 'dividend_yield_score': 60, 'fcf_yield_score': 80, 'earnings_yield_score': 80}",100.0,False
CHWY,61.2,HOLD,LOW,Unknown,Unknown,1000000000.0,100.0,20.0,2.5,4.0,1.5,15.0,4.0,2.0,5.0,5.0,50.0,10.0,100.0,0.0,1.0,"{'pe_ratio_score': 40, 'forward_pe_score': 60, 'pb_ratio_score': 60, 'ps_ratio_score': 60, 'peg_ratio_score': 60, 'ev_ebitda_score': 60, 'ev_sales_score': 100, 'ev_fcf_score': 40, 'dividend_yield_score': 60, 'fcf_yield_score': 80, 'earnings_yield_score': 80}",100.0,False
BIIB,61.2,HOLD,LOW,Unknown,Unknown,1000000000.0,100.0,20.0,2.5,4.0,1.5,15.0,4.0,2.0,5.0,5.0,50.0,10.0,100.0,0.0,1.0,"{'pe_ratio_score': 40, 'forward_pe_score': 60, 'pb_ratio_score': 60, 'ps_ratio_score': 60, 'peg_ratio_score': 60, 'ev_ebitda_score': 60, 'ev_sales_score': 100, 'ev_fcf_score': 40, 'dividend_yield_score': 60, 'fcf_yield_score': 80, 'earnings_yield_score': 80}",100.0,False
TSLA,61.2,HOLD,LOW,Unknown,Unknown,1000000000.0,100.0,20.0,2.5,4.0,1.5,15.0,4.0,2.0,5.0,5.0,50.0,10.0,100.0,0.0,1.0,"{'pe_ratio_score': 40, 'forward_pe_score': 60, 'pb_ratio_score': 60, 'ps_ratio_score': 60, 'peg_ratio_score': 60, 'ev_ebitda_score': 60, 'ev_sales_score': 100, 'ev_fcf_score': 40, 'dividend_yield_score': 60, 'fcf_yield_score': 80, 'earnings_yield_score': 80}",100.0,False
TGT,61.2,HOLD,LOW,Unknown,Unknown,1000000000.0,100.0,20.0,2.5,4.0,1.5,15.0,4.0,2.0,5.0,5.0,50.0,10.0,100.0,0.0,1.0,"{'pe_ratio_score': 40, 'forward_pe_score': 60, 'pb_ratio_score': 60, 'ps_ratio_score': 60, 'peg_ratio_score': 60, 'ev_ebitda_score': 60, 'ev_sales_score': 100, 'ev_fcf_score': 40, 'dividend_yield_score': 60, 'fcf_yield_score': 80, 'earnings_yield_score': 80}",100.0,False
INTU,61.2,HOLD,LOW,Unknown,Unknown,1000000000.0,100.0,20.0,2.5,4.0,1.5,15.0,4.0,2.0,5.0,5.0,50.0,10.0,100.0,0.0,1.0,"{'pe_ratio_score': 40, 'forward_pe_score': 60, 'pb_ratio_score': 60, 'ps_ratio_score': 60, 'peg_ratio_score': 60, 'ev_ebitda_score': 60, 'ev_sales_score': 100, 'ev_fcf_score': 40, 'dividend_yield_score': 60, 'fcf_yield_score': 80, 'earnings_yield_score': 80}",100.0,False
GME,61.2,HOLD,LOW,Unknown,Unknown,1000000000.0,100.0,20.0,2.5,4.0,1.5,15.0,4.0,2.0,5.0,5.0,50.0,10.0,100.0,0.0,1.0,"{'pe_ratio_score': 40, 'forward_pe_score': 60, 'pb_ratio_score': 60, 'ps_ratio_score': 60, 'peg_ratio_score': 60, 'ev_ebitda_score': 60, 'ev_sales_score': 100, 'ev_fcf_score': 40, 'dividend_yield_score': 60, 'fcf_yield_score': 80, 'earnings_yield_score': 80}",100.0,False
CVNA,61.2,HOLD,LOW,Unknown,Unknown,1000000000.0,100.0,20.0,2.5,4.0,1.5,15.0,4.0,2.0,5.0,5.0,50.0,10.0,100.0,0.0,1.0,"{'pe_ratio_score': 40, 'forward_pe_score': 60, 'pb_ratio_score': 60, 'ps_ratio_score': 60, 'peg_ratio_score': 60, 'ev_ebitda_score': 60, 'ev_sales_score': 100, 'ev_fcf_score': 40, 'dividend_yield_score': 60, 'fcf_yield_score': 80, 'earnings_yield_score': 80}",100.0,False
EXR,61.2,HOLD,LOW,Unknown,Unknown,1000000000.0,100.0,20.0,2.5,4.0,1.5,15.0,4.0,2.0,5.0,5.0,50.0,10.0,100.0,0.0,1.0,"{'pe_ratio_score': 40, 'forward_pe_score': 60, 'pb_ratio_score': 60, 'ps_ratio_score': 60, 'peg_ratio_score': 60, 'ev_ebitda_score': 60, 'ev_sales_score': 100, 'ev_fcf_score': 40, 'dividend_yield_score': 60, 'fcf_yield_score': 80, 'earnings_yield_score': 80}",100.0,False
HOOD,61.2,HOLD,LOW,Unknown,Unknown,1000000000.0,100.0,20.0,2.5,4.0,1.5,15.0,4.0,2.0,5.0,5.0,50.0,10.0,100.0,0.0,1.0,"{'pe_ratio_score': 40, 'forward_pe_score': 60, 'pb_ratio_score': 60, 'ps_ratio_score': 60, 'peg_ratio_score': 60, 'ev_ebitda_score': 60, 'ev_sales_score': 100, 'ev_fcf_score': 40, 'dividend_yield_score': 60, 'fcf_yield_score': 80, 'earnings_yield_score': 80}",100.0,False
LOW,61.2,HOLD,LOW,Unknown,Unknown,1000000000.0,100.0,20.0,2.5,4.0,1.5,15.0,4.0,2.0,5.0,5.0,50.0,10.0,100.0,0.0,1.0,"{'pe_ratio_score': 40, 'forward_pe_score': 60, 'pb_ratio_score': 60, 'ps_ratio_score': 60, 'peg_ratio_score': 60, 'ev_ebitda_score': 60, 'ev_sales_score': 100, 'ev_fcf_score': 40, 'dividend_yield_score': 60, 'fcf_yield_score': 80, 'earnings_yield_score': 80}",100.0,False
BITF,61.2,HOLD,LOW,Unknown,Unknown,1000000000.0,100.0,20.0,2.5,4.0,1.5,15.0,4.0,2.0,5.0,5.0,50.0,10.0,100.0,0.0,1.0,"{'pe_ratio_score': 40, 'forward_pe_score': 60, 'pb_ratio_score': 60, 'ps_ratio_score': 60, 'peg_ratio_score': 60, 'ev_ebitda_score': 60, 'ev_sales_score': 100, 'ev_fcf_score': 40, 'dividend_yield_score': 60, 'fcf_yield_score': 80, 'earnings_yield_score': 80}",100.0,False
SNOW,61.2,HOLD,LOW,Unknown,Unknown,1000000000.0,100.0,20.0,2.5,4.0,1.5,15.0,4.0,2.0,5.0,5.0,50.0,10.0,100.0,0.0,1.0,"{'pe_ratio_score': 40, 'forward_pe_score': 60, 'pb_ratio_score': 60, 'ps_ratio_score': 60, 'peg_ratio_score': 60, 'ev_ebitda_score': 60, 'ev_sales_score': 100, 'ev_fcf_score': 40, 'dividend_yield_score': 60, 'fcf_yield_score': 80, 'earnings_yield_score': 80}",100.0,False
MTCH,61.2,HOLD,LOW,Unknown,Unknown,1000000000.0,100.0,20.0,2.5,4.0,1.5,15.0,4.0,2.0,5.0,5.0,50.0,10.0,100.0,0.0,1.0,"{'pe_ratio_score': 40, 'forward_pe_score': 60, 'pb_ratio_score': 60, 'ps_ratio_score': 60, 'peg_ratio_score': 60, 'ev_ebitda_score': 60, 'ev_sales_score': 100, 'ev_fcf_score': 40, 'dividend_yield_score': 60, 'fcf_yield_score': 80, 'earnings_yield_score': 80}",100.0,False
CRM,61.2,HOLD,LOW,Unknown,Unknown,1000000000.0,100.0,20.0,2.5,4.0,1.5,15.0,4.0,2.0,5.0,5.0,50.0,10.0,100.0,0.0,1.0,"{'pe_ratio_score': 40, 'forward_pe_score': 60, 'pb_ratio_score': 60, 'ps_ratio_score': 60, 'peg_ratio_score': 60, 'ev_ebitda_score': 60, 'ev_sales_score': 100, 'ev_fcf_score': 40, 'dividend_yield_score': 60, 'fcf_yield_score': 80, 'earnings_yield_score': 80}",100.0,False
AMD,61.2,HOLD,LOW,Unknown,Unknown,1000000000.0,100.0,20.0,2.5,4.0,1.5,15.0,4.0,2.0,5.0,5.0,50.0,10.0,100.0,0.0,1.0,"{'pe_ratio_score': 40, 'forward_pe_score': 60, 'pb_ratio_score': 60, 'ps_ratio_score': 60, 'peg_ratio_score': 60, 'ev_ebitda_score': 60, 'ev_sales_score': 100, 'ev_fcf_score': 40, 'dividend_yield_score': 60, 'fcf_yield_score': 80, 'earnings_yield_score': 80}",100.0,False
ETSY,61.2,HOLD,LOW,Unknown,Unknown,1000000000.0,100.0,20.0,2.5,4.0,1.5,15.0,4.0,2.0,5.0,5.0,50.0,10.0,100.0,0.0,1.0,"{'pe_ratio_score': 40, 'forward_pe_score': 60, 'pb_ratio_score': 60, 'ps_ratio_score': 60, 'peg_ratio_score': 60, 'ev_ebitda_score': 60, 'ev_sales_score': 100, 'ev_fcf_score': 40, 'dividend_yield_score': 60, 'fcf_yield_score': 80, 'earnings_yield_score': 80}",100.0,False
LCID,61.2,HOLD,LOW,Unknown,Unknown,1000000000.0,100.0,20.0,2.5,4.0,1.5,15.0,4.0,2.0,5.0,5.0,50.0,10.0,100.0,0.0,1.0,"{'pe_ratio_score': 40, 'forward_pe_score': 60, 'pb_ratio_score': 60, 'ps_ratio_score': 60, 'peg_ratio_score': 60, 'ev_ebitda_score': 60, 'ev_sales_score': 100, 'ev_fcf_score': 40, 'dividend_yield_score': 60, 'fcf_yield_score': 80, 'earnings_yield_score': 80}",100.0,False
TRVG,61.2,HOLD,LOW,Unknown,Unknown,1000000000.0,100.0,20.0,2.5,4.0,1.5,15.0,4.0,2.0,5.0,5.0,50.0,10.0,100.0,0.0,1.0,"{'pe_ratio_score': 40, 'forward_pe_score': 60, 'pb_ratio_score': 60, 'ps_ratio_score': 60, 'peg_ratio_score': 60, 'ev_ebitda_score': 60, 'ev_sales_score': 100, 'ev_fcf_score': 40, 'dividend_yield_score': 60, 'fcf_yield_score': 80, 'earnings_yield_score': 80}",100.0,False
CHPT,61.2,HOLD,LOW,Unknown,Unknown,1000000000.0,100.0,20.0,2.5,4.0,1.5,15.0,4.0,2.0,5.0,5.0,50.0,10.0,100.0,0.0,1.0,"{'pe_ratio_score': 40, 'forward_pe_score': 60, 'pb_ratio_score': 60, 'ps_ratio_score': 60, 'peg_ratio_score': 60, 'ev_ebitda_score': 60, 'ev_sales_score': 100, 'ev_fcf_score': 40, 'dividend_yield_score': 60, 'fcf_yield_score': 80, 'earnings_yield_score': 80}",100.0,False
SAFE,61.2,HOLD,LOW,Unknown,Unknown,1000000000.0,100.0,20.0,2.5,4.0,1.5,15.0,4.0,2.0,5.0,5.0,50.0,10.0,100.0,0.0,1.0,"{'pe_ratio_score': 40, 'forward_pe_score': 60, 'pb_ratio_score': 60, 'ps_ratio_score': 60, 'peg_ratio_score': 60, 'ev_ebitda_score': 60, 'ev_sales_score': 100, 'ev_fcf_score': 40, 'dividend_yield_score': 60, 'fcf_yield_score': 80, 'earnings_yield_score': 80}",100.0,False
CI,61.2,HOLD,LOW,Unknown,Unknown,1000000000.0,100.0,20.0,2.5,4.0,1.5,15.0,4.0,2.0,5.0,5.0,50.0,10.0,100.0,0.0,1.0,"{'pe_ratio_score': 40, 'forward_pe_score': 60, 'pb_ratio_score': 60, 'ps_ratio_score': 60, 'peg_ratio_score': 60, 'ev_ebitda_score': 60, 'ev_sales_score': 100, 'ev_fcf_score': 40, 'dividend_yield_score': 60, 'fcf_yield_score': 80, 'earnings_yield_score': 80}",100.0,False
FEYE,61.2,HOLD,LOW,Unknown,Unknown,1000000000.0,100.0,20.0,2.5,4.0,1.5,15.0,4.0,2.0,5.0,5.0,50.0,10.0,100.0,0.0,1.0,"{'pe_ratio_score': 40, 'forward_pe_score': 60, 'pb_ratio_score': 60, 'ps_ratio_score': 60, 'peg_ratio_score': 60, 'ev_ebitda_score': 60, 'ev_sales_score': 100, 'ev_fcf_score': 40, 'dividend_yield_score': 60, 'fcf_yield_score': 80, 'earnings_yield_score': 80}",100.0,False
MPWR,61.2,HOLD,LOW,Unknown,Unknown,1000000000.0,100.0,20.0,2.5,4.0,1.5,15.0,4.0,2.0,5.0,5.0,50.0,10.0,100.0,0.0,1.0,"{'pe_ratio_score': 40, 'forward_pe_score': 60, 'pb_ratio_score': 60, 'ps_ratio_score': 60, 'peg_ratio_score': 60, 'ev_ebitda_score': 60, 'ev_sales_score': 100, 'ev_fcf_score': 40, 'dividend_yield_score': 60, 'fcf_yield_score': 80, 'earnings_yield_score': 80}",100.0,False
CLOV,61.2,HOLD,LOW,Unknown,Unknown,1000000000.0,100.0,20.0,2.5,4.0,1.5,15.0,4.0,2.0,5.0,5.0,50.0,10.0,100.0,0.0,1.0,"{'pe_ratio_score': 40, 'forward_pe_score': 60, 'pb_ratio_score': 60, 'ps_ratio_score': 60, 'peg_ratio_score': 60, 'ev_ebitda_score': 60, 'ev_sales_score': 100, 'ev_fcf_score': 40, 'dividend_yield_score': 60, 'fcf_yield_score': 80, 'earnings_yield_score': 80}",100.0,False
DIS,61.2,HOLD,LOW,Unknown,Unknown,1000000000.0,100.0,20.0,2.5,4.0,1.5,15.0,4.0,2.0,5.0,5.0,50.0,10.0,100.0,0.0,1.0,"{'pe_ratio_score': 40, 'forward_pe_score': 60, 'pb_ratio_score': 60, 'ps_ratio_score': 60, 'peg_ratio_score': 60, 'ev_ebitda_score': 60, 'ev_sales_score': 100, 'ev_fcf_score': 40, 'dividend_yield_score': 60, 'fcf_yield_score': 80, 'earnings_yield_score': 80}",100.0,False
SGEN,61.2,HOLD,LOW,Unknown,Unknown,1000000000.0,100.0,20.0,2.5,4.0,1.5,15.0,4.0,2.0,5.0,5.0,50.0,10.0,100.0,0.0,1.0,"{'pe_ratio_score': 40, 'forward_pe_score': 60, 'pb_ratio_score': 60, 'ps_ratio_score': 60, 'peg_ratio_score': 60, 'ev_ebitda_score': 60, 'ev_sales_score': 100, 'ev_fcf_score': 40, 'dividend_yield_score': 60, 'fcf_yield_score': 80, 'earnings_yield_score': 80}",100.0,False
EXPE,61.2,HOLD,LOW,Unknown,Unknown,1000000000.0,100.0,20.0,2.5,4.0,1.5,15.0,4.0,2.0,5.0,5.0,50.0,10.0,100.0,0.0,1.0,"{'pe_ratio_score': 40, 'forward_pe_score': 60, 'pb_ratio_score': 60, 'ps_ratio_score': 60, 'peg_ratio_score': 60, 'ev_ebitda_score': 60, 'ev_sales_score': 100, 'ev_fcf_score': 40, 'dividend_yield_score': 60, 'fcf_yield_score': 80, 'earnings_yield_score': 80}",100.0,False
PLTR,61.2,HOLD,LOW,Unknown,Unknown,1000000000.0,100.0,20.0,2.5,4.0,1.5,15.0,4.0,2.0,5.0,5.0,50.0,10.0,100.0,0.0,1.0,"{'pe_ratio_score': 40, 'forward_pe_score': 60, 'pb_ratio_score': 60, 'ps_ratio_score': 60, 'peg_ratio_score': 60, 'ev_ebitda_score': 60, 'ev_sales_score': 100, 'ev_fcf_score': 40, 'dividend_yield_score': 60, 'fcf_yield_score': 80, 'earnings_yield_score': 80}",100.0,False
OKTA,61.2,HOLD,LOW,Unknown,Unknown,1000000000.0,100.0,20.0,2.5,4.0,1.5,15.0,4.0,2.0,5.0,5.0,50.0,10.0,100.0,0.0,1.0,"{'pe_ratio_score': 40, 'forward_pe_score': 60, 'pb_ratio_score': 60, 'ps_ratio_score': 60, 'peg_ratio_score': 60, 'ev_ebitda_score': 60, 'ev_sales_score': 100, 'ev_fcf_score': 40, 'dividend_yield_score': 60, 'fcf_yield_score': 80, 'earnings_yield_score': 80}",100.0,False
LMND,61.2,HOLD,LOW,Unknown,Unknown,1000000000.0,100.0,20.0,2.5,4.0,1.5,15.0,4.0,2.0,5.0,5.0,50.0,10.0,100.0,0.0,1.0,"{'pe_ratio_score': 40, 'forward_pe_score': 60, 'pb_ratio_score': 60, 'ps_ratio_score': 60, 'peg_ratio_score': 60, 'ev_ebitda_score': 60, 'ev_sales_score': 100, 'ev_fcf_score': 40, 'dividend_yield_score': 60, 'fcf_yield_score': 80, 'earnings_yield_score': 80}",100.0,False
UPS,61.2,HOLD,LOW,Unknown,Unknown,1000000000.0,100.0,20.0,2.5,4.0,1.5,15.0,4.0,2.0,5.0,5.0,50.0,10.0,100.0,0.0,1.0,"{'pe_ratio_score': 40, 'forward_pe_score': 60, 'pb_ratio_score': 60, 'ps_ratio_score': 60, 'peg_ratio_score': 60, 'ev_ebitda_score': 60, 'ev_sales_score': 100, 'ev_fcf_score': 40, 'dividend_yield_score': 60, 'fcf_yield_score': 80, 'earnings_yield_score': 80}",100.0,False
EVGO,61.2,HOLD,LOW,Unknown,Unknown,1000000000.0,100.0,20.0,2.5,4.0,1.5,15.0,4.0,2.0,5.0,5.0,50.0,10.0,100.0,0.0,1.0,"{'pe_ratio_score': 40, 'forward_pe_score': 60, 'pb_ratio_score': 60, 'ps_ratio_score': 60, 'peg_ratio_score': 60, 'ev_ebitda_score': 60, 'ev_sales_score': 100, 'ev_fcf_score': 40, 'dividend_yield_score': 60, 'fcf_yield_score': 80, 'earnings_yield_score': 80}",100.0,False
ARKG,61.2,HOLD,LOW,Unknown,Unknown,1000000000.0,100.0,20.0,2.5,4.0,1.5,15.0,4.0,2.0,5.0,5.0,50.0,10.0,100.0,0.0,1.0,"{'pe_ratio_score': 40, 'forward_pe_score': 60, 'pb_ratio_score': 60, 'ps_ratio_score': 60, 'peg_ratio_score': 60, 'ev_ebitda_score': 60, 'ev_sales_score': 100, 'ev_fcf_score': 40, 'dividend_yield_score': 60, 'fcf_yield_score': 80, 'earnings_yield_score': 80}",100.0,False
ROOT,61.2,HOLD,LOW,Unknown,Unknown,1000000000.0,100.0,20.0,2.5,4.0,1.5,15.0,4.0,2.0,5.0,5.0,50.0,10.0,100.0,0.0,1.0,"{'pe_ratio_score': 40, 'forward_pe_score': 60, 'pb_ratio_score': 60, 'ps_ratio_score': 60, 'peg_ratio_score': 60, 'ev_ebitda_score': 60, 'ev_sales_score': 100, 'ev_fcf_score': 40, 'dividend_yield_score': 60, 'fcf_yield_score': 80, 'earnings_yield_score': 80}",100.0,False
TECH,61.2,HOLD,LOW,Unknown,Unknown,1000000000.0,100.0,20.0,2.5,4.0,1.5,15.0,4.0,2.0,5.0,5.0,50.0,10.0,100.0,0.0,1.0,"{'pe_ratio_score': 40, 'forward_pe_score': 60, 'pb_ratio_score': 60, 'ps_ratio_score': 60, 'peg_ratio_score': 60, 'ev_ebitda_score': 60, 'ev_sales_score': 100, 'ev_fcf_score': 40, 'dividend_yield_score': 60, 'fcf_yield_score': 80, 'earnings_yield_score': 80}",100.0,False
OPEN,61.2,HOLD,LOW,Unknown,Unknown,1000000000.0,100.0,20.0,2.5,4.0,1.5,15.0,4.0,2.0,5.0,5.0,50.0,10.0,100.0,0.0,1.0,"{'pe_ratio_score': 40, 'forward_pe_score': 60, 'pb_ratio_score': 60, 'ps_ratio_score': 60, 'peg_ratio_score': 60, 'ev_ebitda_score': 60, 'ev_sales_score': 100, 'ev_fcf_score': 40, 'dividend_yield_score': 60, 'fcf_yield_score': 80, 'earnings_yield_score': 80}",100.0,False
SPOT,61.2,HOLD,LOW,Unknown,Unknown,1000000000.0,100.0,20.0,2.5,4.0,1.5,15.0,4.0,2.0,5.0,5.0,50.0,10.0,100.0,0.0,1.0,"{'pe_ratio_score': 40, 'forward_pe_score': 60, 'pb_ratio_score': 60, 'ps_ratio_score': 60, 'peg_ratio_score': 60, 'ev_ebitda_score': 60, 'ev_sales_score': 100, 'ev_fcf_score': 40, 'dividend_yield_score': 60, 'fcf_yield_score': 80, 'earnings_yield_score': 80}",100.0,False
AMZN,61.2,HOLD,LOW,Unknown,Unknown,1000000000.0,100.0,20.0,2.5,4.0,1.5,15.0,4.0,2.0,5.0,5.0,50.0,10.0,100.0,0.0,1.0,"{'pe_ratio_score': 40, 'forward_pe_score': 60, 'pb_ratio_score': 60, 'ps_ratio_score': 60, 'peg_ratio_score': 60, 'ev_ebitda_score': 60, 'ev_sales_score': 100, 'ev_fcf_score': 40, 'dividend_yield_score': 60, 'fcf_yield_score': 80, 'earnings_yield_score': 80}",100.0,False
FTNT,61.2,HOLD,LOW,Unknown,Unknown,1000000000.0,100.0,20.0,2.5,4.0,1.5,15.0,4.0,2.0,5.0,5.0,50.0,10.0,100.0,0.0,1.0,"{'pe_ratio_score': 40, 'forward_pe_score': 60, 'pb_ratio_score': 60, 'ps_ratio_score': 60, 'peg_ratio_score': 60, 'ev_ebitda_score': 60, 'ev_sales_score': 100, 'ev_fcf_score': 40, 'dividend_yield_score': 60, 'fcf_yield_score': 80, 'earnings_yield_score': 80}",100.0,False
TLRY,61.2,HOLD,LOW,Unknown,Unknown,1000000000.0,100.0,20.0,2.5,4.0,1.5,15.0,4.0,2.0,5.0,5.0,50.0,10.0,100.0,0.0,1.0,"{'pe_ratio_score': 40, 'forward_pe_score': 60, 'pb_ratio_score': 60, 'ps_ratio_score': 60, 'peg_ratio_score': 60, 'ev_ebitda_score': 60, 'ev_sales_score': 100, 'ev_fcf_score': 40, 'dividend_yield_score': 60, 'fcf_yield_score': 80, 'earnings_yield_score': 80}",100.0,False
WISH,61.2,HOLD,LOW,Unknown,Unknown,1000000000.0,100.0,20.0,2.5,4.0,1.5,15.0,4.0,2.0,5.0,5.0,50.0,10.0,100.0,0.0,1.0,"{'pe_ratio_score': 40, 'forward_pe_score': 60, 'pb_ratio_score': 60, 'ps_ratio_score': 60, 'peg_ratio_score': 60, 'ev_ebitda_score': 60, 'ev_sales_score': 100, 'ev_fcf_score': 40, 'dividend_yield_score': 60, 'fcf_yield_score': 80, 'earnings_yield_score': 80}",100.0,False
EXPE,61.2,HOLD,LOW,Unknown,Unknown,1000000000.0,100.0,20.0,2.5,4.0,1.5,15.0,4.0,2.0,5.0,5.0,50.0,10.0,100.0,0.0,1.0,"{'pe_ratio_score': 40, 'forward_pe_score': 60, 'pb_ratio_score': 60, 'ps_ratio_score': 60, 'peg_ratio_score': 60, 'ev_ebitda_score': 60, 'ev_sales_score': 100, 'ev_fcf_score': 40, 'dividend_yield_score': 60, 'fcf_yield_score': 80, 'earnings_yield_score': 80}",100.0,False
AMGN,61.2,HOLD,LOW,Unknown,Unknown,1000000000.0,100.0,20.0,2.5,4.0,1.5,15.0,4.0,2.0,5.0,5.0,50.0,10.0,100.0,0.0,1.0,"{'pe_ratio_score': 40, 'forward_pe_score': 60, 'pb_ratio_score': 60, 'ps_ratio_score': 60, 'peg_ratio_score': 60, 'ev_ebitda_score': 60, 'ev_sales_score': 100, 'ev_fcf_score': 40, 'dividend_yield_score': 60, 'fcf_yield_score': 80, 'earnings_yield_score': 80}",100.0,False
SBUX,61.2,HOLD,LOW,Unknown,Unknown,1000000000.0,100.0,20.0,2.5,4.0,1.5,15.0,4.0,2.0,5.0,5.0,50.0,10.0,100.0,0.0,1.0,"{'pe_ratio_score': 40, 'forward_pe_score': 60, 'pb_ratio_score': 60, 'ps_ratio_score': 60, 'peg_ratio_score': 60, 'ev_ebitda_score': 60, 'ev_sales_score': 100, 'ev_fcf_score': 40, 'dividend_yield_score': 60, 'fcf_yield_score': 80, 'earnings_yield_score': 80}",100.0,False
GILD,61.2,HOLD,LOW,Unknown,Unknown,1000000000.0,100.0,20.0,2.5,4.0,1.5,15.0,4.0,2.0,5.0,5.0,50.0,10.0,100.0,0.0,1.0,"{'pe_ratio_score': 40, 'forward_pe_score': 60, 'pb_ratio_score': 60, 'ps_ratio_score': 60, 'peg_ratio_score': 60, 'ev_ebitda_score': 60, 'ev_sales_score': 100, 'ev_fcf_score': 40, 'dividend_yield_score': 60, 'fcf_yield_score': 80, 'earnings_yield_score': 80}",100.0,False
MU,61.2,HOLD,LOW,Unknown,Unknown,1000000000.0,100.0,20.0,2.5,4.0,1.5,15.0,4.0,2.0,5.0,5.0,50.0,10.0,100.0,0.0,1.0,"{'pe_ratio_score': 40, 'forward_pe_score': 60, 'pb_ratio_score': 60, 'ps_ratio_score': 60, 'peg_ratio_score': 60, 'ev_ebitda_score': 60, 'ev_sales_score': 100, 'ev_fcf_score': 40, 'dividend_yield_score': 60, 'fcf_yield_score': 80, 'earnings_yield_score': 80}",100.0,False
ADBE,61.2,HOLD,LOW,Unknown,Unknown,1000000000.0,100.0,20.0,2.5,4.0,1.5,15.0,4.0,2.0,5.0,5.0,50.0,10.0,100.0,0.0,1.0,"{'pe_ratio_score': 40, 'forward_pe_score': 60, 'pb_ratio_score': 60, 'ps_ratio_score': 60, 'peg_ratio_score': 60, 'ev_ebitda_score': 60, 'ev_sales_score': 100, 'ev_fcf_score': 40, 'dividend_yield_score': 60, 'fcf_yield_score': 80, 'earnings_yield_score': 80}",100.0,False
LIN,61.2,HOLD,LOW,Unknown,Unknown,1000000000.0,100.0,20.0,2.5,4.0,1.5,15.0,4.0,2.0,5.0,5.0,50.0,10.0,100.0,0.0,1.0,"{'pe_ratio_score': 40, 'forward_pe_score': 60, 'pb_ratio_score': 60, 'ps_ratio_score': 60, 'peg_ratio_score': 60, 'ev_ebitda_score': 60, 'ev_sales_score': 100, 'ev_fcf_score': 40, 'dividend_yield_score': 60, 'fcf_yield_score': 80, 'earnings_yield_score': 80}",100.0,False
LRCX,61.2,HOLD,LOW,Unknown,Unknown,1000000000.0,100.0,20.0,2.5,4.0,1.5,15.0,4.0,2.0,5.0,5.0,50.0,10.0,100.0,0.0,1.0,"{'pe_ratio_score': 40, 'forward_pe_score': 60, 'pb_ratio_score': 60, 'ps_ratio_score': 60, 'peg_ratio_score': 60, 'ev_ebitda_score': 60, 'ev_sales_score': 100, 'ev_fcf_score': 40, 'dividend_yield_score': 60, 'fcf_yield_score': 80, 'earnings_yield_score': 80}",100.0,False
ADI,61.2,HOLD,LOW,Unknown,Unknown,1000000000.0,100.0,20.0,2.5,4.0,1.5,15.0,4.0,2.0,5.0,5.0,50.0,10.0,100.0,0.0,1.0,"{'pe_ratio_score': 40, 'forward_pe_score': 60, 'pb_ratio_score': 60, 'ps_ratio_score': 60, 'peg_ratio_score': 60, 'ev_ebitda_score': 60, 'ev_sales_score': 100, 'ev_fcf_score': 40, 'dividend_yield_score': 60, 'fcf_yield_score': 80, 'earnings_yield_score': 80}",100.0,False
REGN,61.2,HOLD,LOW,Unknown,Unknown,1000000000.0,100.0,20.0,2.5,4.0,1.5,15.0,4.0,2.0,5.0,5.0,50.0,10.0,100.0,0.0,1.0,"{'pe_ratio_score': 40, 'forward_pe_score': 60, 'pb_ratio_score': 60, 'ps_ratio_score': 60, 'peg_ratio_score': 60, 'ev_ebitda_score': 60, 'ev_sales_score': 100, 'ev_fcf_score': 40, 'dividend_yield_score': 60, 'fcf_yield_score': 80, 'earnings_yield_score': 80}",100.0,False
PYPL,61.2,HOLD,LOW,Unknown,Unknown,1000000000.0,100.0,20.0,2.5,4.0,1.5,15.0,4.0,2.0,5.0,5.0,50.0,10.0,100.0,0.0,1.0,"{'pe_ratio_score': 40, 'forward_pe_score': 60, 'pb_ratio_score': 60, 'ps_ratio_score': 60, 'peg_ratio_score': 60, 'ev_ebitda_score': 60, 'ev_sales_score': 100, 'ev_fcf_score': 40, 'dividend_yield_score': 60, 'fcf_yield_score': 80, 'earnings_yield_score': 80}",100.0,False
INTC,61.2,HOLD,LOW,Unknown,Unknown,1000000000.0,100.0,20.0,2.5,4.0,1.5,15.0,4.0,2.0,5.0,5.0,50.0,10.0,100.0,0.0,1.0,"{'pe_ratio_score': 40, 'forward_pe_score': 60, 'pb_ratio_score': 60, 'ps_ratio_score': 60, 'peg_ratio_score': 60, 'ev_ebitda_score': 60, 'ev_sales_score': 100, 'ev_fcf_score': 40, 'dividend_yield_score': 60, 'fcf_yield_score': 80, 'earnings_yield_score': 80}",100.0,False
SNPS,61.2,HOLD,LOW,Unknown,Unknown,1000000000.0,100.0,20.0,2.5,4.0,1.5,15.0,4.0,2.0,5.0,5.0,50.0,10.0,100.0,0.0,1.0,"{'pe_ratio_score': 40, 'forward_pe_score': 60, 'pb_ratio_score': 60, 'ps_ratio_score': 60, 'peg_ratio_score': 60, 'ev_ebitda_score': 60, 'ev_sales_score': 100, 'ev_fcf_score': 40, 'dividend_yield_score': 60, 'fcf_yield_score': 80, 'earnings_yield_score': 80}",100.0,False
KLAC,61.2,HOLD,LOW,Unknown,Unknown,1000000000.0,100.0,20.0,2.5,4.0,1.5,15.0,4.0,2.0,5.0,5.0,50.0,10.0,100.0,0.0,1.0,"{'pe_ratio_score': 40, 'forward_pe_score': 60, 'pb_ratio_score': 60, 'ps_ratio_score': 60, 'peg_ratio_score': 60, 'ev_ebitda_score': 60, 'ev_sales_score': 100, 'ev_fcf_score': 40, 'dividend_yield_score': 60, 'fcf_yield_score': 80, 'earnings_yield_score': 80}",100.0,False
DASH,61.2,HOLD,LOW,Unknown,Unknown,1000000000.0,100.0,20.0,2.5,4.0,1.5,15.0,4.0,2.0,5.0,5.0,50.0,10.0,100.0,0.0,1.0,"{'pe_ratio_score': 40, 'forward_pe_score': 60, 'pb_ratio_score': 60, 'ps_ratio_score': 60, 'peg_ratio_score': 60, 'ev_ebitda_score': 60, 'ev_sales_score': 100, 'ev_fcf_score': 40, 'dividend_yield_score': 60, 'fcf_yield_score': 80, 'earnings_yield_score': 80}",100.0,False
ROP,61.2,HOLD,LOW,Unknown,Unknown,1000000000.0,100.0,20.0,2.5,4.0,1.5,15.0,4.0,2.0,5.0,5.0,50.0,10.0,100.0,0.0,1.0,"{'pe_ratio_score': 40, 'forward_pe_score': 60, 'pb_ratio_score': 60, 'ps_ratio_score': 60, 'peg_ratio_score': 60, 'ev_ebitda_score': 60, 'ev_sales_score': 100, 'ev_fcf_score': 40, 'dividend_yield_score': 60, 'fcf_yield_score': 80, 'earnings_yield_score': 80}",100.0,False
CRWD,61.2,HOLD,LOW,Unknown,Unknown,1000000000.0,100.0,20.0,2.5,4.0,1.5,15.0,4.0,2.0,5.0,5.0,50.0,10.0,100.0,0.0,1.0,"{'pe_ratio_score': 40, 'forward_pe_score': 60, 'pb_ratio_score': 60, 'ps_ratio_score': 60, 'peg_ratio_score': 60, 'ev_ebitda_score': 60, 'ev_sales_score': 100, 'ev_fcf_score': 40, 'dividend_yield_score': 60, 'fcf_yield_score': 80, 'earnings_yield_score': 80}",100.0,False
MRVL,61.2,HOLD,LOW,Unknown,Unknown,1000000000.0,100.0,20.0,2.5,4.0,1.5,15.0,4.0,2.0,5.0,5.0,50.0,10.0,100.0,0.0,1.0,"{'pe_ratio_score': 40, 'forward_pe_score': 60, 'pb_ratio_score': 60, 'ps_ratio_score': 60, 'peg_ratio_score': 60, 'ev_ebitda_score': 60, 'ev_sales_score': 100, 'ev_fcf_score': 40, 'dividend_yield_score': 60, 'fcf_yield_score': 80, 'earnings_yield_score': 80}",100.0,False
CSX,61.2,HOLD,LOW,Unknown,Unknown,1000000000.0,100.0,20.0,2.5,4.0,1.5,15.0,4.0,2.0,5.0,5.0,50.0,10.0,100.0,0.0,1.0,"{'pe_ratio_score': 40, 'forward_pe_score': 60, 'pb_ratio_score': 60, 'ps_ratio_score': 60, 'peg_ratio_score': 60, 'ev_ebitda_score': 60, 'ev_sales_score': 100, 'ev_fcf_score': 40, 'dividend_yield_score': 60, 'fcf_yield_score': 80, 'earnings_yield_score': 80}",100.0,False
FTNT,61.2,HOLD,LOW,Unknown,Unknown,1000000000.0,100.0,20.0,2.5,4.0,1.5,15.0,4.0,2.0,5.0,5.0,50.0,10.0,100.0,0.0,1.0,"{'pe_ratio_score': 40, 'forward_pe_score': 60, 'pb_ratio_score': 60, 'ps_ratio_score': 60, 'peg_ratio_score': 60, 'ev_ebitda_score': 60, 'ev_sales_score': 100, 'ev_fcf_score': 40, 'dividend_yield_score': 60, 'fcf_yield_score': 80, 'earnings_yield_score': 80}",100.0,False
CDNS,61.2,HOLD,LOW,Unknown,Unknown,1000000000.0,100.0,20.0,2.5,4.0,1.5,15.0,4.0,2.0,5.0,5.0,50.0,10.0,100.0,0.0,1.0,"{'pe_ratio_score': 40, 'forward_pe_score': 60, 'pb_ratio_score': 60, 'ps_ratio_score': 60, 'peg_ratio_score': 60, 'ev_ebitda_score': 60, 'ev_sales_score': 100, 'ev_fcf_score': 40, 'dividend_yield_score': 60, 'fcf_yield_score': 80, 'earnings_yield_score': 80}",100.0,False
ORLY,61.2,HOLD,LOW,Unknown,Unknown,1000000000.0,100.0,20.0,2.5,4.0,1.5,15.0,4.0,2.0,5.0,5.0,50.0,10.0,100.0,0.0,1.0,"{'pe_ratio_score': 40, 'forward_pe_score': 60, 'pb_ratio_score': 60, 'ps_ratio_score': 60, 'peg_ratio_score': 60, 'ev_ebitda_score': 60, 'ev_sales_score': 100, 'ev_fcf_score': 40, 'dividend_yield_score': 60, 'fcf_yield_score': 80, 'earnings_yield_score': 80}",100.0,False
WDAY,61.2,HOLD,LOW,Unknown,Unknown,1000000000.0,100.0,20.0,2.5,4.0,1.5,15.0,4.0,2.0,5.0,5.0,50.0,10.0,100.0,0.0,1.0,"{'pe_ratio_score': 40, 'forward_pe_score': 60, 'pb_ratio_score': 60, 'ps_ratio_score': 60, 'peg_ratio_score': 60, 'ev_ebitda_score': 60, 'ev_sales_score': 100, 'ev_fcf_score': 40, 'dividend_yield_score': 60, 'fcf_yield_score': 80, 'earnings_yield_score': 80}",100.0,False
HON,61.2,HOLD,LOW,Unknown,Unknown,1000000000.0,100.0,20.0,2.5,4.0,1.5,15.0,4.0,2.0,5.0,5.0,50.0,10.0,100.0,0.0,1.0,"{'pe_ratio_score': 40, 'forward_pe_score': 60, 'pb_ratio_score': 60, 'ps_ratio_score': 60, 'peg_ratio_score': 60, 'ev_ebitda_score': 60, 'ev_sales_score': 100, 'ev_fcf_score': 40, 'dividend_yield_score': 60, 'fcf_yield_score': 80, 'earnings_yield_score': 80}",100.0,False
ADP,61.2,HOLD,LOW,Unknown,Unknown,1000000000.0,100.0,20.0,2.5,4.0,1.5,15.0,4.0,2.0,5.0,5.0,50.0,10.0,100.0,0.0,1.0,"{'pe_ratio_score': 40, 'forward_pe_score': 60, 'pb_ratio_score': 60, 'ps_ratio_score': 60, 'peg_ratio_score': 60, 'ev_ebitda_score': 60, 'ev_sales_score': 100, 'ev_fcf_score': 40, 'dividend_yield_score': 60, 'fcf_yield_score': 80, 'earnings_yield_score': 80}",100.0,False
PCAR,61.2,HOLD,LOW,Unknown,Unknown,1000000000.0,100.0,20.0,2.5,4.0,1.5,15.0,4.0,2.0,5.0,5.0,50.0,10.0,100.0,0.0,1.0,"{'pe_ratio_score': 40, 'forward_pe_score': 60, 'pb_ratio_score': 60, 'ps_ratio_score': 60, 'peg_ratio_score': 60, 'ev_ebitda_score': 60, 'ev_sales_score': 100, 'ev_fcf_score': 40, 'dividend_yield_score': 60, 'fcf_yield_score': 80, 'earnings_yield_score': 80}",100.0,False
VRTX,61.2,HOLD,LOW,Unknown,Unknown,1000000000.0,100.0,20.0,2.5,4.0,1.5,15.0,4.0,2.0,5.0,5.0,50.0,10.0,100.0,0.0,1.0,"{'pe_ratio_score': 40, 'forward_pe_score': 60, 'pb_ratio_score': 60, 'ps_ratio_score': 60, 'peg_ratio_score': 60, 'ev_ebitda_score': 60, 'ev_sales_score': 100, 'ev_fcf_score': 40, 'dividend_yield_score': 60, 'fcf_yield_score': 80, 'earnings_yield_score': 80}",100.0,False
GOOG,61.2,HOLD,LOW,Unknown,Unknown,1000000000.0,100.0,20.0,2.5,4.0,1.5,15.0,4.0,2.0,5.0,5.0,50.0,10.0,100.0,0.0,1.0,"{'pe_ratio_score': 40, 'forward_pe_score': 60, 'pb_ratio_score': 60, 'ps_ratio_score': 60, 'peg_ratio_score': 60, 'ev_ebitda_score': 60, 'ev_sales_score': 100, 'ev_fcf_score': 40, 'dividend_yield_score': 60, 'fcf_yield_score': 80, 'earnings_yield_score': 80}",100.0,False
META,61.2,HOLD,LOW,Unknown,Unknown,1000000000.0,100.0,20.0,2.5,4.0,1.5,15.0,4.0,2.0,5.0,5.0,50.0,10.0,100.0,0.0,1.0,"{'pe_ratio_score': 40, 'forward_pe_score': 60, 'pb_ratio_score': 60, 'ps_ratio_score': 60, 'peg_ratio_score': 60, 'ev_ebitda_score': 60, 'ev_sales_score': 100, 'ev_fcf_score': 40, 'dividend_yield_score': 60, 'fcf_yield_score': 80, 'earnings_yield_score': 80}",100.0,False
GOOGL,61.2,HOLD,LOW,Unknown,Unknown,1000000000.0,100.0,20.0,2.5,4.0,1.5,15.0,4.0,2.0,5.0,5.0,50.0,10.0,100.0,0.0,1.0,"{'pe_ratio_score': 40, 'forward_pe_score': 60, 'pb_ratio_score': 60, 'ps_ratio_score': 60, 'peg_ratio_score': 60, 'ev_ebitda_score': 60, 'ev_sales_score': 100, 'ev_fcf_score': 40, 'dividend_yield_score': 60, 'fcf_yield_score': 80, 'earnings_yield_score': 80}",100.0,False
AMZN,61.2,HOLD,LOW,Unknown,Unknown,1000000000.0,100.0,20.0,2.5,4.0,1.5,15.0,4.0,2.0,5.0,5.0,50.0,10.0,100.0,0.0,1.0,"{'pe_ratio_score': 40, 'forward_pe_score': 60, 'pb_ratio_score': 60, 'ps_ratio_score': 60, 'peg_ratio_score': 60, 'ev_ebitda_score': 60, 'ev_sales_score': 100, 'ev_fcf_score': 40, 'dividend_yield_score': 60, 'fcf_yield_score': 80, 'earnings_yield_score': 80}",100.0,False
NVDA,61.2,HOLD,LOW,Unknown,Unknown,1000000000.0,100.0,20.0,2.5,4.0,1.5,15.0,4.0,2.0,5.0,5.0,50.0,10.0,100.0,0.0,1.0,"{'pe_ratio_score': 40, 'forward_pe_score': 60, 'pb_ratio_score': 60, 'ps_ratio_score': 60, 'peg_ratio_score': 60, 'ev_ebitda_score': 60, 'ev_sales_score': 100, 'ev_fcf_score': 40, 'dividend_yield_score': 60, 'fcf_yield_score': 80, 'earnings_yield_score': 80}",100.0,False
AAPL,61.2,HOLD,LOW,Unknown,Unknown,1000000000.0,100.0,20.0,2.5,4.0,1.5,15.0,4.0,2.0,5.0,5.0,50.0,10.0,100.0,0.0,1.0,"{'pe_ratio_score': 40, 'forward_pe_score': 60, 'pb_ratio_score': 60, 'ps_ratio_score': 60, 'peg_ratio_score': 60, 'ev_ebitda_score': 60, 'ev_sales_score': 100, 'ev_fcf_score': 40, 'dividend_yield_score': 60, 'fcf_yield_score': 80, 'earnings_yield_score': 80}",100.0,False
AVGO,61.2,HOLD,LOW,Unknown,Unknown,1000000000.0,100.0,20.0,2.5,4.0,1.5,15.0,4.0,2.0,5.0,5.0,50.0,10.0,100.0,0.0,1.0,"{'pe_ratio_score': 40, 'forward_pe_score': 60, 'pb_ratio_score': 60, 'ps_ratio_score': 60, 'peg_ratio_score': 60, 'ev_ebitda_score': 60, 'ev_sales_score': 100, 'ev_fcf_score': 40, 'dividend_yield_score': 60, 'fcf_yield_score': 80, 'earnings_yield_score': 80}",100.0,False
ASML,61.2,HOLD,LOW,Unknown,Unknown,1000000000.0,100.0,20.0,2.5,4.0,1.5,15.0,4.0,2.0,5.0,5.0,50.0,10.0,100.0,0.0,1.0,"{'pe_ratio_score': 40, 'forward_pe_score': 60, 'pb_ratio_score': 60, 'ps_ratio_score': 60, 'peg_ratio_score': 60, 'ev_ebitda_score': 60, 'ev_sales_score': 100, 'ev_fcf_score': 40, 'dividend_yield_score': 60, 'fcf_yield_score': 80, 'earnings_yield_score': 80}",100.0,False
PEP,61.2,HOLD,LOW,Unknown,Unknown,1000000000.0,100.0,20.0,2.5,4.0,1.5,15.0,4.0,2.0,5.0,5.0,50.0,10.0,100.0,0.0,1.0,"{'pe_ratio_score': 40, 'forward_pe_score': 60, 'pb_ratio_score': 60, 'ps_ratio_score': 60, 'peg_ratio_score': 60, 'ev_ebitda_score': 60, 'ev_sales_score': 100, 'ev_fcf_score': 40, 'dividend_yield_score': 60, 'fcf_yield_score': 80, 'earnings_yield_score': 80}",100.0,False
CSCO,61.2,HOLD,LOW,Unknown,Unknown,1000000000.0,100.0,20.0,2.5,4.0,1.5,15.0,4.0,2.0,5.0,5.0,50.0,10.0,100.0,0.0,1.0,"{'pe_ratio_score': 40, 'forward_pe_score': 60, 'pb_ratio_score': 60, 'ps_ratio_score': 60, 'peg_ratio_score': 60, 'ev_ebitda_score': 60, 'ev_sales_score': 100, 'ev_fcf_score': 40, 'dividend_yield_score': 60, 'fcf_yield_score': 80, 'earnings_yield_score': 80}",100.0,False
AMD,61.2,HOLD,LOW,Unknown,Unknown,1000000000.0,100.0,20.0,2.5,4.0,1.5,15.0,4.0,2.0,5.0,5.0,50.0,10.0,100.0,0.0,1.0,"{'pe_ratio_score': 40, 'forward_pe_score': 60, 'pb_ratio_score': 60, 'ps_ratio_score': 60, 'peg_ratio_score': 60, 'ev_ebitda_score': 60, 'ev_sales_score': 100, 'ev_fcf_score': 40, 'dividend_yield_score': 60, 'fcf_yield_score': 80, 'earnings_yield_score': 80}",100.0,False
CMCSA,61.2,HOLD,LOW,Unknown,Unknown,1000000000.0,100.0,20.0,2.5,4.0,1.5,15.0,4.0,2.0,5.0,5.0,50.0,10.0,100.0,0.0,1.0,"{'pe_ratio_score': 40, 'forward_pe_score': 60, 'pb_ratio_score': 60, 'ps_ratio_score': 60, 'peg_ratio_score': 60, 'ev_ebitda_score': 60, 'ev_sales_score': 100, 'ev_fcf_score': 40, 'dividend_yield_score': 60, 'fcf_yield_score': 80, 'earnings_yield_score': 80}",100.0,False
TXN,61.2,HOLD,LOW,Unknown,Unknown,1000000000.0,100.0,20.0,2.5,4.0,1.5,15.0,4.0,2.0,5.0,5.0,50.0,10.0,100.0,0.0,1.0,"{'pe_ratio_score': 40, 'forward_pe_score': 60, 'pb_ratio_score': 60, 'ps_ratio_score': 60, 'peg_ratio_score': 60, 'ev_ebitda_score': 60, 'ev_sales_score': 100, 'ev_fcf_score': 40, 'dividend_yield_score': 60, 'fcf_yield_score': 80, 'earnings_yield_score': 80}",100.0,False
COST,61.2,HOLD,LOW,Unknown,Unknown,1000000000.0,100.0,20.0,2.5,4.0,1.5,15.0,4.0,2.0,5.0,5.0,50.0,10.0,100.0,0.0,1.0,"{'pe_ratio_score': 40, 'forward_pe_score': 60, 'pb_ratio_score': 60, 'ps_ratio_score': 60, 'peg_ratio_score': 60, 'ev_ebitda_score': 60, 'ev_sales_score': 100, 'ev_fcf_score': 40, 'dividend_yield_score': 60, 'fcf_yield_score': 80, 'earnings_yield_score': 80}",100.0,False
NFLX,61.2,HOLD,LOW,Unknown,Unknown,1000000000.0,100.0,20.0,2.5,4.0,1.5,15.0,4.0,2.0,5.0,5.0,50.0,10.0,100.0,0.0,1.0,"{'pe_ratio_score': 40, 'forward_pe_score': 60, 'pb_ratio_score': 60, 'ps_ratio_score': 60, 'peg_ratio_score': 60, 'ev_ebitda_score': 60, 'ev_sales_score': 100, 'ev_fcf_score': 40, 'dividend_yield_score': 60, 'fcf_yield_score': 80, 'earnings_yield_score': 80}",100.0,False
QCOM,61.2,HOLD,LOW,Unknown,Unknown,1000000000.0,100.0,20.0,2.5,4.0,1.5,15.0,4.0,2.0,5.0,5.0,50.0,10.0,100.0,0.0,1.0,"{'pe_ratio_score': 40, 'forward_pe_score': 60, 'pb_ratio_score': 60, 'ps_ratio_score': 60, 'peg_ratio_score': 60, 'ev_ebitda_score': 60, 'ev_sales_score': 100, 'ev_fcf_score': 40, 'dividend_yield_score': 60, 'fcf_yield_score': 80, 'earnings_yield_score': 80}",100.0,False
TMUS,61.2,HOLD,LOW,Unknown,Unknown,1000000000.0,100.0,20.0,2.5,4.0,1.5,15.0,4.0,2.0,5.0,5.0,50.0,10.0,100.0,0.0,1.0,"{'pe_ratio_score': 40, 'forward_pe_score': 60, 'pb_ratio_score': 60, 'ps_ratio_score': 60, 'peg_ratio_score': 60, 'ev_ebitda_score': 60, 'ev_sales_score': 100, 'ev_fcf_score': 40, 'dividend_yield_score': 60, 'fcf_yield_score': 80, 'earnings_yield_score': 80}",100.0,False
INTU,61.2,HOLD,LOW,Unknown,Unknown,1000000000.0,100.0,20.0,2.5,4.0,1.5,15.0,4.0,2.0,5.0,5.0,50.0,10.0,100.0,0.0,1.0,"{'pe_ratio_score': 40, 'forward_pe_score': 60, 'pb_ratio_score': 60, 'ps_ratio_score': 60, 'peg_ratio_score': 60, 'ev_ebitda_score': 60, 'ev_sales_score': 100, 'ev_fcf_score': 40, 'dividend_yield_score': 60, 'fcf_yield_score': 80, 'earnings_yield_score': 80}",100.0,False
ISRG,61.2,HOLD,LOW,Unknown,Unknown,1000000000.0,100.0,20.0,2.5,4.0,1.5,15.0,4.0,2.0,5.0,5.0,50.0,10.0,100.0,0.0,1.0,"{'pe_ratio_score': 40, 'forward_pe_score': 60, 'pb_ratio_score': 60, 'ps_ratio_score': 60, 'peg_ratio_score': 60, 'ev_ebitda_score': 60, 'ev_sales_score': 100, 'ev_fcf_score': 40, 'dividend_yield_score': 60, 'fcf_yield_score': 80, 'earnings_yield_score': 80}",100.0,False
AMAT,61.2,HOLD,LOW,Unknown,Unknown,1000000000.0,100.0,20.0,2.5,4.0,1.5,15.0,4.0,2.0,5.0,5.0,50.0,10.0,100.0,0.0,1.0,"{'pe_ratio_score': 40, 'forward_pe_score': 60, 'pb_ratio_score': 60, 'ps_ratio_score': 60, 'peg_ratio_score': 60, 'ev_ebitda_score': 60, 'ev_sales_score': 100, 'ev_fcf_score': 40, 'dividend_yield_score': 60, 'fcf_yield_score': 80, 'earnings_yield_score': 80}",100.0,False
PANW,61.2,HOLD,LOW,Unknown,Unknown,1000000000.0,100.0,20.0,2.5,4.0,1.5,15.0,4.0,2.0,5.0,5.0,50.0,10.0,100.0,0.0,1.0,"{'pe_ratio_score': 40, 'forward_pe_score': 60, 'pb_ratio_score': 60, 'ps_ratio_score': 60, 'peg_ratio_score': 60, 'ev_ebitda_score': 60, 'ev_sales_score': 100, 'ev_fcf_score': 40, 'dividend_yield_score': 60, 'fcf_yield_score': 80, 'earnings_yield_score': 80}",100.0,False
ABNB,61.2,HOLD,LOW,Unknown,Unknown,1000000000.0,100.0,20.0,2.5,4.0,1.5,15.0,4.0,2.0,5.0,5.0,50.0,10.0,100.0,0.0,1.0,"{'pe_ratio_score': 40, 'forward_pe_score': 60, 'pb_ratio_score': 60, 'ps_ratio_score': 60, 'peg_ratio_score': 60, 'ev_ebitda_score': 60, 'ev_sales_score': 100, 'ev_fcf_score': 40, 'dividend_yield_score': 60, 'fcf_yield_score': 80, 'earnings_yield_score': 80}",100.0,False
CPRT,61.2,HOLD,LOW,Unknown,Unknown,1000000000.0,100.0,20.0,2.5,4.0,1.5,15.0,4.0,2.0,5.0,5.0,50.0,10.0,100.0,0.0,1.0,"{'pe_ratio_score': 40, 'forward_pe_score': 60, 'pb_ratio_score': 60, 'ps_ratio_score': 60, 'peg_ratio_score': 60, 'ev_ebitda_score': 60, 'ev_sales_score': 100, 'ev_fcf_score': 40, 'dividend_yield_score': 60, 'fcf_yield_score': 80, 'earnings_yield_score': 80}",100.0,False
BMRN,61.2,HOLD,LOW,Unknown,Unknown,1000000000.0,100.0,20.0,2.5,4.0,1.5,15.0,4.0,2.0,5.0,5.0,50.0,10.0,100.0,0.0,1.0,"{'pe_ratio_score': 40, 'forward_pe_score': 60, 'pb_ratio_score': 60, 'ps_ratio_score': 60, 'peg_ratio_score': 60, 'ev_ebitda_score': 60, 'ev_sales_score': 100, 'ev_fcf_score': 40, 'dividend_yield_score': 60, 'fcf_yield_score': 80, 'earnings_yield_score': 80}",100.0,False
ZS,61.2,HOLD,LOW,Unknown,Unknown,1000000000.0,100.0,20.0,2.5,4.0,1.5,15.0,4.0,2.0,5.0,5.0,50.0,10.0,100.0,0.0,1.0,"{'pe_ratio_score': 40, 'forward_pe_score': 60, 'pb_ratio_score': 60, 'ps_ratio_score': 60, 'peg_ratio_score': 60, 'ev_ebitda_score': 60, 'ev_sales_score': 100, 'ev_fcf_score': 40, 'dividend_yield_score': 60, 'fcf_yield_score': 80, 'earnings_yield_score': 80}",100.0,False
ILMN,61.2,HOLD,LOW,Unknown,Unknown,1000000000.0,100.0,20.0,2.5,4.0,1.5,15.0,4.0,2.0,5.0,5.0,50.0,10.0,100.0,0.0,1.0,"{'pe_ratio_score': 40, 'forward_pe_score': 60, 'pb_ratio_score': 60, 'ps_ratio_score': 60, 'peg_ratio_score': 60, 'ev_ebitda_score': 60, 'ev_sales_score': 100, 'ev_fcf_score': 40, 'dividend_yield_score': 60, 'fcf_yield_score': 80, 'earnings_yield_score': 80}",100.0,False
ARM,61.2,HOLD,LOW,Unknown,Unknown,1000000000.0,100.0,20.0,2.5,4.0,1.5,15.0,4.0,2.0,5.0,5.0,50.0,10.0,100.0,0.0,1.0,"{'pe_ratio_score': 40, 'forward_pe_score': 60, 'pb_ratio_score': 60, 'ps_ratio_score': 60, 'peg_ratio_score': 60, 'ev_ebitda_score': 60, 'ev_sales_score': 100, 'ev_fcf_score': 40, 'dividend_yield_score': 60, 'fcf_yield_score': 80, 'earnings_yield_score': 80}",100.0,False
DXCM,61.2,HOLD,LOW,Unknown,Unknown,1000000000.0,100.0,20.0,2.5,4.0,1.5,15.0,4.0,2.0,5.0,5.0,50.0,10.0,100.0,0.0,1.0,"{'pe_ratio_score': 40, 'forward_pe_score': 60, 'pb_ratio_score': 60, 'ps_ratio_score': 60, 'peg_ratio_score': 60, 'ev_ebitda_score': 60, 'ev_sales_score': 100, 'ev_fcf_score': 40, 'dividend_yield_score': 60, 'fcf_yield_score': 80, 'earnings_yield_score': 80}",100.0,False
BIIB,61.2,HOLD,LOW,Unknown,Unknown,1000000000.0,100.0,20.0,2.5,4.0,1.5,15.0,4.0,2.0,5.0,5.0,50.0,10.0,100.0,0.0,1.0,"{'pe_ratio_score': 40, 'forward_pe_score': 60, 'pb_ratio_score': 60, 'ps_ratio_score': 60, 'peg_ratio_score': 60, 'ev_ebitda_score': 60, 'ev_sales_score': 100, 'ev_fcf_score': 40, 'dividend_yield_score': 60, 'fcf_yield_score': 80, 'earnings_yield_score': 80}",100.0,False
GFS,61.2,HOLD,LOW,Unknown,Unknown,1000000000.0,100.0,20.0,2.5,4.0,1.5,15.0,4.0,2.0,5.0,5.0,50.0,10.0,100.0,0.0,1.0,"{'pe_ratio_score': 40, 'forward_pe_score': 60, 'pb_ratio_score': 60, 'ps_ratio_score': 60, 'peg_ratio_score': 60, 'ev_ebitda_score': 60, 'ev_sales_score': 100, 'ev_fcf_score': 40, 'dividend_yield_score': 60, 'fcf_yield_score': 80, 'earnings_yield_score': 80}",100.0,False
ZM,61.2,HOLD,LOW,Unknown,Unknown,1000000000.0,100.0,20.0,2.5,4.0,1.5,15.0,4.0,2.0,5.0,5.0,50.0,10.0,100.0,0.0,1.0,"{'pe_ratio_score': 40, 'forward_pe_score': 60, 'pb_ratio_score': 60, 'ps_ratio_score': 60, 'peg_ratio_score': 60, 'ev_ebitda_score': 60, 'ev_sales_score': 100, 'ev_fcf_score': 40, 'dividend_yield_score': 60, 'fcf_yield_score': 80, 'earnings_yield_score': 80}",100.0,False
LULU,61.2,HOLD,LOW,Unknown,Unknown,1000000000.0,100.0,20.0,2.5,4.0,1.5,15.0,4.0,2.0,5.0,5.0,50.0,10.0,100.0,0.0,1.0,"{'pe_ratio_score': 40, 'forward_pe_score': 60, 'pb_ratio_score': 60, 'ps_ratio_score': 60, 'peg_ratio_score': 60, 'ev_ebitda_score': 60, 'ev_sales_score': 100, 'ev_fcf_score': 40, 'dividend_yield_score': 60, 'fcf_yield_score': 80, 'earnings_yield_score': 80}",100.0,False
MDB,61.2,HOLD,LOW,Unknown,Unknown,1000000000.0,100.0,20.0,2.5,4.0,1.5,15.0,4.0,2.0,5.0,5.0,50.0,10.0,100.0,0.0,1.0,"{'pe_ratio_score': 40, 'forward_pe_score': 60, 'pb_ratio_score': 60, 'ps_ratio_score': 60, 'peg_ratio_score': 60, 'ev_ebitda_score': 60, 'ev_sales_score': 100, 'ev_fcf_score': 40, 'dividend_yield_score': 60, 'fcf_yield_score': 80, 'earnings_yield_score': 80}",100.0,False
LCID,61.2,HOLD,LOW,Unknown,Unknown,1000000000.0,100.0,20.0,2.5,4.0,1.5,15.0,4.0,2.0,5.0,5.0,50.0,10.0,100.0,0.0,1.0,"{'pe_ratio_score': 40, 'forward_pe_score': 60, 'pb_ratio_score': 60, 'ps_ratio_score': 60, 'peg_ratio_score': 60, 'ev_ebitda_score': 60, 'ev_sales_score': 100, 'ev_fcf_score': 40, 'dividend_yield_score': 60, 'fcf_yield_score': 80, 'earnings_yield_score': 80}",100.0,False
ALGN,61.2,HOLD,LOW,Unknown,Unknown,1000000000.0,100.0,20.0,2.5,4.0,1.5,15.0,4.0,2.0,5.0,5.0,50.0,10.0,100.0,0.0,1.0,"{'pe_ratio_score': 40, 'forward_pe_score': 60, 'pb_ratio_score': 60, 'ps_ratio_score': 60, 'peg_ratio_score': 60, 'ev_ebitda_score': 60, 'ev_sales_score': 100, 'ev_fcf_score': 40, 'dividend_yield_score': 60, 'fcf_yield_score': 80, 'earnings_yield_score': 80}",100.0,False
CRSP,61.2,HOLD,LOW,Unknown,Unknown,1000000000.0,100.0,20.0,2.5,4.0,1.5,15.0,4.0,2.0,5.0,5.0,50.0,10.0,100.0,0.0,1.0,"{'pe_ratio_score': 40, 'forward_pe_score': 60, 'pb_ratio_score': 60, 'ps_ratio_score': 60, 'peg_ratio_score': 60, 'ev_ebitda_score': 60, 'ev_sales_score': 100, 'ev_fcf_score': 40, 'dividend_yield_score': 60, 'fcf_yield_score': 80, 'earnings_yield_score': 80}",100.0,False
MRNA,61.2,HOLD,LOW,Unknown,Unknown,1000000000.0,100.0,20.0,2.5,4.0,1.5,15.0,4.0,2.0,5.0,5.0,50.0,10.0,100.0,0.0,1.0,"{'pe_ratio_score': 40, 'forward_pe_score': 60, 'pb_ratio_score': 60, 'ps_ratio_score': 60, 'peg_ratio_score': 60, 'ev_ebitda_score': 60, 'ev_sales_score': 100, 'ev_fcf_score': 40, 'dividend_yield_score': 60, 'fcf_yield_score': 80, 'earnings_yield_score': 80}",100.0,False
PTON,61.2,HOLD,LOW,Unknown,Unknown,1000000000.0,100.0,20.0,2.5,4.0,1.5,15.0,4.0,2.0,5.0,5.0,50.0,10.0,100.0,0.0,1.0,"{'pe_ratio_score': 40, 'forward_pe_score': 60, 'pb_ratio_score': 60, 'ps_ratio_score': 60, 'peg_ratio_score': 60, 'ev_ebitda_score': 60, 'ev_sales_score': 100, 'ev_fcf_score': 40, 'dividend_yield_score': 60, 'fcf_yield_score': 80, 'earnings_yield_score': 80}",100.0,False
ZI,61.2,HOLD,LOW,Unknown,Unknown,1000000000.0,100.0,20.0,2.5,4.0,1.5,15.0,4.0,2.0,5.0,5.0,50.0,10.0,100.0,0.0,1.0,"{'pe_ratio_score': 40, 'forward_pe_score': 60, 'pb_ratio_score': 60, 'ps_ratio_score': 60, 'peg_ratio_score': 60, 'ev_ebitda_score': 60, 'ev_sales_score': 100, 'ev_fcf_score': 40, 'dividend_yield_score': 60, 'fcf_yield_score': 80, 'earnings_yield_score': 80}",100.0,False
OKTA,61.2,HOLD,LOW,Unknown,Unknown,1000000000.0,100.0,20.0,2.5,4.0,1.5,15.0,4.0,2.0,5.0,5.0,50.0,10.0,100.0,0.0,1.0,"{'pe_ratio_score': 40, 'forward_pe_score': 60, 'pb_ratio_score': 60, 'ps_ratio_score': 60, 'peg_ratio_score': 60, 'ev_ebitda_score': 60, 'ev_sales_score': 100, 'ev_fcf_score': 40, 'dividend_yield_score': 60, 'fcf_yield_score': 80, 'earnings_yield_score': 80}",100.0,False
ROKU,61.2,HOLD,LOW,Unknown,Unknown,1000000000.0,100.0,20.0,2.5,4.0,1.5,15.0,4.0,2.0,5.0,5.0,50.0,10.0,100.0,0.0,1.0,"{'pe_ratio_score': 40, 'forward_pe_score': 60, 'pb_ratio_score': 60, 'ps_ratio_score': 60, 'peg_ratio_score': 60, 'ev_ebitda_score': 60, 'ev_sales_score': 100, 'ev_fcf_score': 40, 'dividend_yield_score': 60, 'fcf_yield_score': 80, 'earnings_yield_score': 80}",100.0,False
DOCU,61.2,HOLD,LOW,Unknown,Unknown,1000000000.0,100.0,20.0,2.5,4.0,1.5,15.0,4.0,2.0,5.0,5.0,50.0,10.0,100.0,0.0,1.0,"{'pe_ratio_score': 40, 'forward_pe_score': 60, 'pb_ratio_score': 60, 'ps_ratio_score': 60, 'peg_ratio_score': 60, 'ev_ebitda_score': 60, 'ev_sales_score': 100, 'ev_fcf_score': 40, 'dividend_yield_score': 60, 'fcf_yield_score': 80, 'earnings_yield_score': 80}",100.0,False
SGEN,61.2,HOLD,LOW,Unknown,Unknown,1000000000.0,100.0,20.0,2.5,4.0,1.5,15.0,4.0,2.0,5.0,5.0,50.0,10.0,100.0,0.0,1.0,"{'pe_ratio_score': 40, 'forward_pe_score': 60, 'pb_ratio_score': 60, 'ps_ratio_score': 60, 'peg_ratio_score': 60, 'ev_ebitda_score': 60, 'ev_sales_score': 100, 'ev_fcf_score': 40, 'dividend_yield_score': 60, 'fcf_yield_score': 80, 'earnings_yield_score': 80}",100.0,False
WBD,61.2,HOLD,LOW,Unknown,Unknown,1000000000.0,100.0,20.0,2.5,4.0,1.5,15.0,4.0,2.0,5.0,5.0,50.0,10.0,100.0,0.0,1.0,"{'pe_ratio_score': 40, 'forward_pe_score': 60, 'pb_ratio_score': 60, 'ps_ratio_score': 60, 'peg_ratio_score': 60, 'ev_ebitda_score': 60, 'ev_sales_score': 100, 'ev_fcf_score': 40, 'dividend_yield_score': 60, 'fcf_yield_score': 80, 'earnings_yield_score': 80}",100.0,False
CDW,61.2,HOLD,LOW,Unknown,Unknown,1000000000.0,100.0,20.0,2.5,4.0,1.5,15.0,4.0,2.0,5.0,5.0,50.0,10.0,100.0,0.0,1.0,"{'pe_ratio_score': 40, 'forward_pe_score': 60, 'pb_ratio_score': 60, 'ps_ratio_score': 60, 'peg_ratio_score': 60, 'ev_ebitda_score': 60, 'ev_sales_score': 100, 'ev_fcf_score': 40, 'dividend_yield_score': 60, 'fcf_yield_score': 80, 'earnings_yield_score': 80}",100.0,False
BILL,61.2,HOLD,LOW,Unknown,Unknown,1000000000.0,100.0,20.0,2.5,4.0,1.5,15.0,4.0,2.0,5.0,5.0,50.0,10.0,100.0,0.0,1.0,"{'pe_ratio_score': 40, 'forward_pe_score': 60, 'pb_ratio_score': 60, 'ps_ratio_score': 60, 'peg_ratio_score': 60, 'ev_ebitda_score': 60, 'ev_sales_score': 100, 'ev_fcf_score': 40, 'dividend_yield_score': 60, 'fcf_yield_score': 80, 'earnings_yield_score': 80}",100.0,False
TTWO,61.2,HOLD,LOW,Unknown,Unknown,1000000000.0,100.0,20.0,2.5,4.0,1.5,15.0,4.0,2.0,5.0,5.0,50.0,10.0,100.0,0.0,1.0,"{'pe_ratio_score': 40, 'forward_pe_score': 60, 'pb_ratio_score': 60, 'ps_ratio_score': 60, 'peg_ratio_score': 60, 'ev_ebitda_score': 60, 'ev_sales_score': 100, 'ev_fcf_score': 40, 'dividend_yield_score': 60, 'fcf_yield_score': 80, 'earnings_yield_score': 80}",100.0,False
ANSS,61.2,HOLD,LOW,Unknown,Unknown,1000000000.0,100.0,20.0,2.5,4.0,1.5,15.0,4.0,2.0,5.0,5.0,50.0,10.0,100.0,0.0,1.0,"{'pe_ratio_score': 40, 'forward_pe_score': 60, 'pb_ratio_score': 60, 'ps_ratio_score': 60, 'peg_ratio_score': 60, 'ev_ebitda_score': 60, 'ev_sales_score': 100, 'ev_fcf_score': 40, 'dividend_yield_score': 60, 'fcf_yield_score': 80, 'earnings_yield_score': 80}",100.0,False
NXPI,61.2,HOLD,LOW,Unknown,Unknown,1000000000.0,100.0,20.0,2.5,4.0,1.5,15.0,4.0,2.0,5.0,5.0,50.0,10.0,100.0,0.0,1.0,"{'pe_ratio_score': 40, 'forward_pe_score': 60, 'pb_ratio_score': 60, 'ps_ratio_score': 60, 'peg_ratio_score': 60, 'ev_ebitda_score': 60, 'ev_sales_score': 100, 'ev_fcf_score': 40, 'dividend_yield_score': 60, 'fcf_yield_score': 80, 'earnings_yield_score': 80}",100.0,False
KHC,61.2,HOLD,LOW,Unknown,Unknown,1000000000.0,100.0,20.0,2.5,4.0,1.5,15.0,4.0,2.0,5.0,5.0,50.0,10.0,100.0,0.0,1.0,"{'pe_ratio_score': 40, 'forward_pe_score': 60, 'pb_ratio_score': 60, 'ps_ratio_score': 60, 'peg_ratio_score': 60, 'ev_ebitda_score': 60, 'ev_sales_score': 100, 'ev_fcf_score': 40, 'dividend_yield_score': 60, 'fcf_yield_score': 80, 'earnings_yield_score': 80}",100.0,False
MNST,61.2,HOLD,LOW,Unknown,Unknown,1000000000.0,100.0,20.0,2.5,4.0,1.5,15.0,4.0,2.0,5.0,5.0,50.0,10.0,100.0,0.0,1.0,"{'pe_ratio_score': 40, 'forward_pe_score': 60, 'pb_ratio_score': 60, 'ps_ratio_score': 60, 'peg_ratio_score': 60, 'ev_ebitda_score': 60, 'ev_sales_score': 100, 'ev_fcf_score': 40, 'dividend_yield_score': 60, 'fcf_yield_score': 80, 'earnings_yield_score': 80}",100.0,False
ROST,61.2,HOLD,LOW,Unknown,Unknown,1000000000.0,100.0,20.0,2.5,4.0,1.5,15.0,4.0,2.0,5.0,5.0,50.0,10.0,100.0,0.0,1.0,"{'pe_ratio_score': 40, 'forward_pe_score': 60, 'pb_ratio_score': 60, 'ps_ratio_score': 60, 'peg_ratio_score': 60, 'ev_ebitda_score': 60, 'ev_sales_score': 100, 'ev_fcf_score': 40, 'dividend_yield_score': 60, 'fcf_yield_score': 80, 'earnings_yield_score': 80}",100.0,False
EA,61.2,HOLD,LOW,Unknown,Unknown,1000000000.0,100.0,20.0,2.5,4.0,1.5,15.0,4.0,2.0,5.0,5.0,50.0,10.0,100.0,0.0,1.0,"{'pe_ratio_score': 40, 'forward_pe_score': 60, 'pb_ratio_score': 60, 'ps_ratio_score': 60, 'peg_ratio_score': 60, 'ev_ebitda_score': 60, 'ev_sales_score': 100, 'ev_fcf_score': 40, 'dividend_yield_score': 60, 'fcf_yield_score': 80, 'earnings_yield_score': 80}",100.0,False
ODFL,61.2,HOLD,LOW,Unknown,Unknown,1000000000.0,100.0,20.0,2.5,4.0,1.5,15.0,4.0,2.0,5.0,5.0,50.0,10.0,100.0,0.0,1.0,"{'pe_ratio_score': 40, 'forward_pe_score': 60, 'pb_ratio_score': 60, 'ps_ratio_score': 60, 'peg_ratio_score': 60, 'ev_ebitda_score': 60, 'ev_sales_score': 100, 'ev_fcf_score': 40, 'dividend_yield_score': 60, 'fcf_yield_score': 80, 'earnings_yield_score': 80}",100.0,False
FAST,61.2,HOLD,LOW,Unknown,Unknown,1000000000.0,100.0,20.0,2.5,4.0,1.5,15.0,4.0,2.0,5.0,5.0,50.0,10.0,100.0,0.0,1.0,"{'pe_ratio_score': 40, 'forward_pe_score': 60, 'pb_ratio_score': 60, 'ps_ratio_score': 60, 'peg_ratio_score': 60, 'ev_ebitda_score': 60, 'ev_sales_score': 100, 'ev_fcf_score': 40, 'dividend_yield_score': 60, 'fcf_yield_score': 80, 'earnings_yield_score': 80}",100.0,False
PAYX,61.2,HOLD,LOW,Unknown,Unknown,1000000000.0,100.0,20.0,2.5,4.0,1.5,15.0,4.0,2.0,5.0,5.0,50.0,10.0,100.0,0.0,1.0,"{'pe_ratio_score': 40, 'forward_pe_score': 60, 'pb_ratio_score': 60, 'ps_ratio_score': 60, 'peg_ratio_score': 60, 'ev_ebitda_score': 60, 'ev_sales_score': 100, 'ev_fcf_score': 40, 'dividend_yield_score': 60, 'fcf_yield_score': 80, 'earnings_yield_score': 80}",100.0,False
DDOG,61.2,HOLD,LOW,Unknown,Unknown,1000000000.0,100.0,20.0,2.5,4.0,1.5,15.0,4.0,2.0,5.0,5.0,50.0,10.0,100.0,0.0,1.0,"{'pe_ratio_score': 40, 'forward_pe_score': 60, 'pb_ratio_score': 60, 'ps_ratio_score': 60, 'peg_ratio_score': 60, 'ev_ebitda_score': 60, 'ev_sales_score': 100, 'ev_fcf_score': 40, 'dividend_yield_score': 60, 'fcf_yield_score': 80, 'earnings_yield_score': 80}",100.0,False
BKR,61.2,HOLD,LOW,Unknown,Unknown,1000000000.0,100.0,20.0,2.5,4.0,1.5,15.0,4.0,2.0,5.0,5.0,50.0,10.0,100.0,0.0,1.0,"{'pe_ratio_score': 40, 'forward_pe_score': 60, 'pb_ratio_score': 60, 'ps_ratio_score': 60, 'peg_ratio_score': 60, 'ev_ebitda_score': 60, 'ev_sales_score': 100, 'ev_fcf_score': 40, 'dividend_yield_score': 60, 'fcf_yield_score': 80, 'earnings_yield_score': 80}",100.0,False
XEL,61.2,HOLD,LOW,Unknown,Unknown,1000000000.0,100.0,20.0,2.5,4.0,1.5,15.0,4.0,2.0,5.0,5.0,50.0,10.0,100.0,0.0,1.0,"{'pe_ratio_score': 40, 'forward_pe_score': 60, 'pb_ratio_score': 60, 'ps_ratio_score': 60, 'peg_ratio_score': 60, 'ev_ebitda_score': 60, 'ev_sales_score': 100, 'ev_fcf_score': 40, 'dividend_yield_score': 60, 'fcf_yield_score': 80, 'earnings_yield_score': 80}",100.0,False
VRSK,61.2,HOLD,LOW,Unknown,Unknown,1000000000.0,100.0,20.0,2.5,4.0,1.5,15.0,4.0,2.0,5.0,5.0,50.0,10.0,100.0,0.0,1.0,"{'pe_ratio_score': 40, 'forward_pe_score': 60, 'pb_ratio_score': 60, 'ps_ratio_score': 60, 'peg_ratio_score': 60, 'ev_ebitda_score': 60, 'ev_sales_score': 100, 'ev_fcf_score': 40, 'dividend_yield_score': 60, 'fcf_yield_score': 80, 'earnings_yield_score': 80}",100.0,False
TEAM,61.2,HOLD,LOW,Unknown,Unknown,1000000000.0,100.0,20.0,2.5,4.0,1.5,15.0,4.0,2.0,5.0,5.0,50.0,10.0,100.0,0.0,1.0,"{'pe_ratio_score': 40, 'forward_pe_score': 60, 'pb_ratio_score': 60, 'ps_ratio_score': 60, 'peg_ratio_score': 60, 'ev_ebitda_score': 60, 'ev_sales_score': 100, 'ev_fcf_score': 40, 'dividend_yield_score': 60, 'fcf_yield_score': 80, 'earnings_yield_score': 80}",100.0,False
KDP,61.2,HOLD,LOW,Unknown,Unknown,1000000000.0,100.0,20.0,2.5,4.0,1.5,15.0,4.0,2.0,5.0,5.0,50.0,10.0,100.0,0.0,1.0,"{'pe_ratio_score': 40, 'forward_pe_score': 60, 'pb_ratio_score': 60, 'ps_ratio_score': 60, 'peg_ratio_score': 60, 'ev_ebitda_score': 60, 'ev_sales_score': 100, 'ev_fcf_score': 40, 'dividend_yield_score': 60, 'fcf_yield_score': 80, 'earnings_yield_score': 80}",100.0,False
GEHC,61.2,HOLD,LOW,Unknown,Unknown,1000000000.0,100.0,20.0,2.5,4.0,1.5,15.0,4.0,2.0,5.0,5.0,50.0,10.0,100.0,0.0,1.0,"{'pe_ratio_score': 40, 'forward_pe_score': 60, 'pb_ratio_score': 60, 'ps_ratio_score': 60, 'peg_ratio_score': 60, 'ev_ebitda_score': 60, 'ev_sales_score': 100, 'ev_fcf_score': 40, 'dividend_yield_score': 60, 'fcf_yield_score': 80, 'earnings_yield_score': 80}",100.0,False
CTSH,61.2,HOLD,LOW,Unknown,Unknown,1000000000.0,100.0,20.0,2.5,4.0,1.5,15.0,4.0,2.0,5.0,5.0,50.0,10.0,100.0,0.0,1.0,"{'pe_ratio_score': 40, 'forward_pe_score': 60, 'pb_ratio_score': 60, 'ps_ratio_score': 60, 'peg_ratio_score': 60, 'ev_ebitda_score': 60, 'ev_sales_score': 100, 'ev_fcf_score': 40, 'dividend_yield_score': 60, 'fcf_yield_score': 80, 'earnings_yield_score': 80}",100.0,False
EXC,61.2,HOLD,LOW,Unknown,Unknown,1000000000.0,100.0,20.0,2.5,4.0,1.5,15.0,4.0,2.0,5.0,5.0,50.0,10.0,100.0,0.0,1.0,"{'pe_ratio_score': 40, 'forward_pe_score': 60, 'pb_ratio_score': 60, 'ps_ratio_score': 60, 'peg_ratio_score': 60, 'ev_ebitda_score': 60, 'ev_sales_score': 100, 'ev_fcf_score': 40, 'dividend_yield_score': 60, 'fcf_yield_score': 80, 'earnings_yield_score': 80}",100.0,False
CSGP,61.2,HOLD,LOW,Unknown,Unknown,1000000000.0,100.0,20.0,2.5,4.0,1.5,15.0,4.0,2.0,5.0,5.0,50.0,10.0,100.0,0.0,1.0,"{'pe_ratio_score': 40, 'forward_pe_score': 60, 'pb_ratio_score': 60, 'ps_ratio_score': 60, 'peg_ratio_score': 60, 'ev_ebitda_score': 60, 'ev_sales_score': 100, 'ev_fcf_score': 40, 'dividend_yield_score': 60, 'fcf_yield_score': 80, 'earnings_yield_score': 80}",100.0,False
FANG,61.2,HOLD,LOW,Unknown,Unknown,1000000000.0,100.0,20.0,2.5,4.0,1.5,15.0,4.0,2.0,5.0,5.0,50.0,10.0,100.0,0.0,1.0,"{'pe_ratio_score': 40, 'forward_pe_score': 60, 'pb_ratio_score': 60, 'ps_ratio_score': 60, 'peg_ratio_score': 60, 'ev_ebitda_score': 60, 'ev_sales_score': 100, 'ev_fcf_score': 40, 'dividend_yield_score': 60, 'fcf_yield_score': 80, 'earnings_yield_score': 80}",100.0,False
CCEP,61.2,HOLD,LOW,Unknown,Unknown,1000000000.0,100.0,20.0,2.5,4.0,1.5,15.0,4.0,2.0,5.0,5.0,50.0,10.0,100.0,0.0,1.0,"{'pe_ratio_score': 40, 'forward_pe_score': 60, 'pb_ratio_score': 60, 'ps_ratio_score': 60, 'peg_ratio_score': 60, 'ev_ebitda_score': 60, 'ev_sales_score': 100, 'ev_fcf_score': 40, 'dividend_yield_score': 60, 'fcf_yield_score': 80, 'earnings_yield_score': 80}",100.0,False
AEP,61.2,HOLD,LOW,Unknown,Unknown,1000000000.0,100.0,20.0,2.5,4.0,1.5,15.0,4.0,2.0,5.0,5.0,50.0,10.0,100.0,0.0,1.0,"{'pe_ratio_score': 40, 'forward_pe_score': 60, 'pb_ratio_score': 60, 'ps_ratio_score': 60, 'peg_ratio_score': 60, 'ev_ebitda_score': 60, 'ev_sales_score': 100, 'ev_fcf_score': 40, 'dividend_yield_score': 60, 'fcf_yield_score': 80, 'earnings_yield_score': 80}",100.0,False
ON,61.2,HOLD,LOW,Unknown,Unknown,1000000000.0,100.0,20.0,2.5,4.0,1.5,15.0,4.0,2.0,5.0,5.0,50.0,10.0,100.0,0.0,1.0,"{'pe_ratio_score': 40, 'forward_pe_score': 60, 'pb_ratio_score': 60, 'ps_ratio_score': 60, 'peg_ratio_score': 60, 'ev_ebitda_score': 60, 'ev_sales_score': 100, 'ev_fcf_score': 40, 'dividend_yield_score': 60, 'fcf_yield_score': 80, 'earnings_yield_score': 80}",100.0,False
IDXX,61.2,HOLD,LOW,Unknown,Unknown,1000000000.0,100.0,20.0,2.5,4.0,1.5,15.0,4.0,2.0,5.0,5.0,50.0,10.0,100.0,0.0,1.0,"{'pe_ratio_score': 40, 'forward_pe_score': 60, 'pb_ratio_score': 60, 'ps_ratio_score': 60, 'peg_ratio_score': 60, 'ev_ebitda_score': 60, 'ev_sales_score': 100, 'ev_fcf_score': 40, 'dividend_yield_score': 60, 'fcf_yield_score': 80, 'earnings_yield_score': 80}",100.0,False
EBAY,61.2,HOLD,LOW,Unknown,Unknown,1000000000.0,100.0,20.0,2.5,4.0,1.5,15.0,4.0,2.0,5.0,5.0,50.0,10.0,100.0,0.0,1.0,"{'pe_ratio_score': 40, 'forward_pe_score': 60, 'pb_ratio_score': 60, 'ps_ratio_score': 60, 'peg_ratio_score': 60, 'ev_ebitda_score': 60, 'ev_sales_score': 100, 'ev_fcf_score': 40, 'dividend_yield_score': 60, 'fcf_yield_score': 80, 'earnings_yield_score': 80}",100.0,False
